Store Name,Address,Region,Product,Draw Date,Value
SDM #635 - SOUTHGATE,2515 BANK ST K1V-8R9 OTTAWA,OTTAWA,Lotto Max,11-Aug-2023,55000000.0
MAC'S CONVENIENCE STORES,7887 TECUMSEH RD E N8T-1G3 WINDSOR,WINDSOR,Lotto Max,06-Jun-2023,35000000.0
CNIB WM - ORLEANS,3900 INNES RD K1C-1T1 ORLEANS,ORLEANS,Lotto 649,12-Aug-2023,5000000.0
SHELL,4685 CENTRAL PKY E L4Z-2E4 MISSISSAUGA,MISSISSAUGA,Lotto 649,01-Mar-2023,5000000.0
SHOP RITE CONVENIENCE,5051 BASELINE RD L0E-1R0 SUTTON WEST,WEST,Lotto 649,17-May-2023,5000000.0
ESSO GAS STATION,1645 NORTH SERVICE RD L2A-6T8 FORT ERIE,ERIE,Ontario 49,01-Mar-2023,2000000.0
LITTLE SHORT STOP STORE #1020,501 KRUG ST N2B-1L3 KITCHENER,KITCHENER,Ontario 49,26-Jul-2023,2000000.0
AVONDALE FITCH/WELLAND,256 FITCH ST L3C-4W5 WELLAND,WELLAND,Lotto 649,11-Mar-2023,1666666.7
CNC VARIETY & GAS STATION,195 WATERLOO ST N3A-1S4 NEW HAMBURG,HAMBURG,Lotto 649,11-Mar-2023,1666666.7
Q MARKET,925 RATHBURN RD E L4W-4C3 MISSISSAUGA,MISSISSAUGA,Lottario,29-Jul-2023,1073789.7
B & J VARIETY,209 GRAHAM ST N0L-2P0 WEST LORNE,LORNE,Encore - Ontario 49,11-Mar-2023,1000000.0
BECKER'S 80416A,7164 AIRPORT RD L4T-2H2 MISSISSAUGA,MISSISSAUGA,Encore - Lotto Max,17-Mar-2023,1000000.0
BIG BEE FOOD MART,305 MELVIN AVE L8H-2K6 HAMILTON,HAMILTON,Lotto 649,26-Jul-2023,1000000.0
CANADIAN TIRE GAS BAR MIDLAND,9315 HWY 93 L4R-4K4 MIDLAND,MIDLAND,Lotto 649,03-Jun-2023,1000000.0
CANADIAN TIRE GAS+ TRENTON,289 DUNDAS ST E K8V-1M1 TRENTON,TRENTON,Lotto Max,21-Jul-2023,1000000.0
CIRCLE K # 1763,682824 ROAD 68 N0M-2M0 THAMESFORD,THAMESFORD,Lotto 649,29-Mar-2023,1000000.0
CIRCLE K #1734,2660 MAJOR MACKENZIE DR L6A-1C1 MAPLE,MAPLE,Lotto 649,05-Jul-2023,1000000.0
EGANVILLE FOODLAND,8754 HWY 60 K0J-1T0 EGANVILLE,EGANVILLE,Lotto Max,19-May-2023,1000000.0
ESSO,1000 ONTARIO RD L3B-5E4 WELLAND,WELLAND,Lotto Max,06-Jun-2023,1000000.0
ESSO/CIRCLE K #52477,1500 FINCH AVE E M2J-4Y6 NORTH YORK,YORK,Lotto 649,25-Mar-2023,1000000.0
ESSO/CIRCLE K #52528,5008 HURONTARIO ST L5R-1B2 MISSISSAUGA,MISSISSAUGA,Lotto Max,26-May-2023,1000000.0
ESSO/CIRCLE K #52732,7001 WOODBINE AVE L3R-1A3 MARKHAM,MARKHAM,Lotto 649,13-May-2023,1000000.0
FOODLAND INGERSOLL,72 CHARLES ST W N5C-2L6 INGERSOLL,INGERSOLL,Lotto Max,21-Jul-2023,1000000.0
FUSION SUPERMARKET,1150 MORNINGSIDE AVE M1B-3A4 SCARBOROUGH,SCARBOROUGH,Encore - Daily Grand,19-Jun-2023,1000000.0
HIGHLAND CREEK PHARMACY,371 OLD KINGSTON RD M1C-1B7 SCARBOROUGH,SCARBOROUGH,Encore - Ontario 49,19-Jul-2023,1000000.0
LUCKY 8 LOTTERY,4300 STEELES AVE E L3R-0Y5 MARKHAM,MARKHAM,Encore - Lotto Max,19-May-2023,1000000.0
METRO #140- SOUTH GEORGETOWN,367 MOUNTAINVIEW RD S L7G-5X3 GEORGETOWN,GEORGETOWN,Lotto 649,28-Jun-2023,1000000.0
METRO #453- BOWMANVILLE MALL,243 KING ST E L1C-3X1 BOWMANVILLE,BOWMANVILLE,Lotto Max,31-Mar-2023,1000000.0
MR. GAS,400 DANIEL ST S K7S-3G9 ARNPRIOR,ARNPRIOR,Lotto 649,11-Mar-2023,1000000.0
PETRO CANADA,565 KING ST N N2L-5Z7 WATERLOO,WATERLOO,Lotto Max,11-Aug-2023,1000000.0
PETRO CANADA,9277 BAYVIEW AVE L4C-9X6 RICHMOND HILL,HILL,Lotto 649,29-Jul-2023,1000000.0
PIONEER BRADSHAW PARRY SOUND,80 BOWES ST P2A-2L7 PARRY SOUND,SOUND,Encore - 649,12-Apr-2023,1000000.0
PRO ONE STOP,208 NORTH ST K0K-3E0 STIRLING,STIRLING,Lotto Max,23-May-2023,1000000.0
REXALL #109 - KINGSTON SQUARE,4459 KINGSTON RD M1E-2N7 SCARBOROUGH,SCARBOROUGH,Encore - 649,08-Apr-2023,1000000.0
SDM #653 - FOUR CORNERS PLAZA,2015 LONG LAKE RD P3E-4M8 SUDBURY,SUDBURY,Encore - 649,25-Mar-2023,1000000.0
SDM #948 - LINDSAY,74 KENT ST W K9V-2Y4 LINDSAY,LINDSAY,Encore - Lotto Max,31-Mar-2023,1000000.0
SHELL GAS STATION,6985 HURONTARIO ST L5T-2Z6 MISSISSAUGA,MISSISSAUGA,Encore - 649,01-Apr-2023,1000000.0
TWO BAY ENTERPRIZES LTD,16 FERGUSON RD P0L-1Y0 MOOSONEE,MOOSONEE,Encore - 649,22-Jul-2023,1000000.0
WOODBINE LOTTO CENTRE,500 REXDALE BLVD M9W-6K5 ETOBICOKE,ETOBICOKE,Lotto 649,01-Mar-2023,1000000.0
SDM #1452,18293 YONGE ST L9N-0A2 EAST GWILLIMBUR,GWILLIMBUR,Lottario,04-Mar-2023,956081.1
STEVEN'S YOUR INDEPENDENT GROCER,270 WELLINGTON ST P1L-1B9 BRACEBRIDGE,BRACEBRIDGE,Lottario,22-Apr-2023,654526.1
MUNCHIES GIFT & VARIETY,850 KING ST W L1J-2L5 OSHAWA,OSHAWA,Lottario,20-May-2023,649377.6
ESSO/CIRCLE K #52558,7018 ISLINGTON AVE L4L-1V8 WOODBRIDGE,WOODBRIDGE,Lottario,01-Jul-2023,644486.9
ESSO/CIRLCE K #52401,9999 BAYVIEW AVE L4C-8W7 RICHMOND HILL,HILL,Lottario,10-Jun-2023,634504.6
HOFFMAN MINI MART,124 HOFFMAN ST N2M-3N1 KITCHENER,KITCHENER,Lightning Lotto,28-Apr-2023,575305.9
RIVER OAKS CONVENIENCE STORE,201 RIVER OAKS BLVD W L6H-3S7 OAKVILLE,OAKVILLE,Lightning Lotto,16-Jun-2023,574471.8
BAKE'S VARIETY,2773 LAKE SHORE BLVD W M8V-1H4 ETOBICOKE,ETOBICOKE,REEL CASH,31-2360,500000.0
CIRCLE K #1002,258 PARK RD S L1J-4H3 OSHAWA,OSHAWA,Daily Grand,15-Jun-2023,500000.0
ESSO GAS STATION / EXPRESS MART,12891 YONGE ST L4E-3M7 RICHMOND HILL,HILL,REEL CASH,31-2360,500000.0
FOODY MART,355 BAMBURGH CIR M1W-3Y1 SCARBOROUGH,SCARBOROUGH,THE BIG SPIN,31-3108,500000.0
PETRO CANADA,1514 STEELES AVE W L4K-2P7 CONCORD,CONCORD,Daily Grand,20-Mar-2023,500000.0
QUICK PICK VARIETY,37 JOHN ST P2B-1Y2 STURGEON FALLS,FALLS,Lotto Max,06-Jun-2023,500000.0
R & P CONVENIENCE,90 SIMCOE ST N4G-2H8 TILLSONBURG,TILLSONBURG,Lotto Max,25-Jul-2023,500000.0
TOMS FOOD STORE,100 NONQUON RD L1G-3S4 OSHAWA,OSHAWA,Lotto Max,25-Jul-2023,500000.0
TOWNCENTRE NEWS & CONVENIENCE,1111 DAVIS DR L3Y-2R9 NEWMARKET,NEWMARKET,Lotto Max,25-Jul-2023,500000.0
PARK RETAIL,2495 KINGSTON RD M1N-1V4 SCARBOROUGH,SCARBOROUGH,Lottario,18-Mar-2023,404961.8
PETRO CANADA,2371 25 SIDEROAD L9S-2G3 INNISFIL,INNISFIL,Lottario,01-Apr-2023,382900.2
LONGO'S #19 - AURORA,650 WELLINGTON ST E L4G-0K3 AURORA,AURORA,Lotto Max,02-Jun-2023,342257.1
PIONEER SNACK EXPRESS,1 HARWOOD AVE S L1S-2C1 AJAX,AJAX,Lightning Lotto,13-Mar-2023,331192.1
KITCHEN BASKET CONVENIENCE,2822 MARKHAM RD M1X-1E6 SCARBOROUGH,SCARBOROUGH,PAY DAY,31-2371,300000.0
ORLEANS SOBEYS #4738,2276 TENTH LINE RD K4A-0X4 ORLEANS,ORLEANS,PAY DAY,31-2371,300000.0
PETRO CANADA,1241 WEBER ST E N2A-1C2 KITCHENER,KITCHENER,Lotto 649,09-Aug-2023,289631.4
SDM #1146 - WELLINGTON & COMMISSIONERS,645 COMMISSIONERS RD E N6C-2T9 LONDON,LONDON,Lotto 649,19-Jul-2023,259946.5
LOBLAWS #1035 - BARRHAVEN,3201 GREENBANK RD K2J-4H9 NEPEAN,NEPEAN,Lotto 649,11-Mar-2023,257082.0
BIG BEAR FOOD MART,450 APPLEBY LINE L7L-2Y2 BURLINGTON,BURLINGTON,BONUS MONEY,31-2355,250000.0
BRYAN'S VARIETY,158 MILL ST N0L-1M0 GLENCOE,GLENCOE,BONUS MONEY,31-2355,250000.0
CAYUGA IDA PHARMACY,18 TALBOT ST E N0A-1E0 CAYUGA,CAYUGA,CROSS DELUXE,31-3351,250000.0
CIRCLE K #62020 - CHRISTOPHER,115 CHRISTOPHER DR N1R-4S1 CAMBRIDGE,CAMBRIDGE,GOLDEN JP,31-2333,250000.0
COMPLETE MART,1200 YORK MILLS RD M3A-1X8 NORTH YORK,YORK,THE BIG SPIN,31-3108,250000.0
DAIRY MART,2987 LAKE SHORE BLVD W M8V-1J8 ETOBICOKE,ETOBICOKE,CROSS DELUXE,31-3351,250000.0
EAGLE MINI MART,1531 EAGLE ST N N3H-1E1 CAMBRIDGE,CAMBRIDGE,SCRABBLE,31-2372,250000.0
FRESHWAY MART,1020 COUNTY RD 22 N0R-1A0 BELLE RIVER,RIVER,CASH IN,31-2367,250000.0
HASTY MARKET,11 WESTWOOD DR N2M-2K5 KITCHENER,KITCHENER,BINGO MULTIP,31-3080,250000.0
LUCKY TICKETS,1226 ISLINGTON AVE M8X-1Y8 ETOBICOKE,ETOBICOKE,Lottario,29-Apr-2023,250000.0
PETRO CANADA,1755 ALBION RD M9V-1C3 ETOBICOKE,ETOBICOKE,CROSS DELUXE,31-3351,250000.0
PORT COLBORNE SOBEYS #4735,287 WEST SIDE RD L3K-5L2 PORT COLBORNE,COLBORNE,BONUS MONEY,31-2355,250000.0
QQ+ CONVENIENCE,1395 DAVENPORT RD M6H-2H6 TORONTO,TORONTO,CASH IN,31-2367,250000.0
ROCKWOOD LOTTO CENTRE,4141 DIXIE RD L4W-1V5 MISSISSAUGA,MISSISSAUGA,BINGO MULTIP,31-3080,250000.0
SANDHURST SUPER MARKET,1001 SANDHURST CIR M1V-1Z6 SCARBOROUGH,SCARBOROUGH,GOLDEN JP,31-2333,250000.0
T.O. FINE FOODS LAKESHORE,3089 LAKE SHORE BLVD W M8V-3W8 ETOBICOKE,ETOBICOKE,BINGO MULTIP,31-3080,250000.0
THICKSON CONVENIENCE,80 THICKSON RD S L1N-7T2 WHITBY,WHITBY,CROSS DELUXE,31-3351,250000.0
TODD'S YOUR INDEPENDENT GROCER,5121 COUNTY RD 21 K0M-1S0 HALIBURTON,HALIBURTON,LUKE COMBS,31-2389,250000.0
VICTORIA CONVENIENCE,132 VICTORIA ST N L1A-3M8 PORT HOPE,HOPE,SCRABBLE,31-2372,250000.0
SCOTT'S STORE,5 LAKE ST K0K-2T0 PICTON,PICTON,Lotto Max,11-Jul-2023,243397.3
PIONEER SNACK EXPRESS,919 UPPER PARADISE RD L9B-2M9 HAMILTON,HAMILTON,Lotto Max,19-May-2023,232634.8
MISTER CONVENIENCE,608 ORPINGTON RD K9J-4A4 PETERBOROUGH,PETERBOROUGH,Lotto Max,30-Jun-2023,212849.2
CMN SUPERMARKET,2189 WESTON RD M9N-1X9 YORK,YORK,PLINKO,31-2280,200000.0
KITCHEN FOOD FAIR #284,284 QUEEN ST E L6V-1C2 BRAMPTON,BRAMPTON,Lightning Lotto,07-Jul-2023,195340.5
ACTON SHELL & CONVENIENCE,318 QUEEN ST L7J-1R2 ACTON,ACTON,Poker Lotto All In,19-Apr-2023,175327.2
SEO MINI MART,867 EXMOUTH ST N7T-5R3 SARNIA,SARNIA,Lotto Max,07-Apr-2023,173957.5
NEW DAY CONVENIENCE,223 CEREMONIAL DR L5R-2N3 MISSISSAUGA,MISSISSAUGA,Lotto 649,08-Apr-2023,166437.5
STARSKY FINE FOODS INC.,3115 DUNDAS ST W L5L-3R8 MISSISSAUGA,MISSISSAUGA,Lotto 649,21-Jun-2023,165105.4
THE DOLLAR STORE PLUS,500 MAYFAIR AVE L1G-2Y2 OSHAWA,OSHAWA,Lightning Lotto,23-Jun-2023,164943.0
CLOVERLEAF GROCERY,5970 HWY 11-71 P0W-1E0 EMO,EMO,Lotto 649,05-Apr-2023,160802.3
ONE STOP CONVENIENCE,1194 KING ST E N3H-3P6 CAMBRIDGE,CAMBRIDGE,Poker Lotto All In,22-Mar-2023,156448.8
THE SECOND ROOF AND LEAF,7309 WOODBINE AVE L3R-3V7 MARKHAM,MARKHAM,Lotto 649,15-Apr-2023,154191.7
SDM #1220 - MCCOWAN & 16TH,9620 MCCOWAN RD L3P-3J3 MARKHAM,MARKHAM,Lotto Max,18-Jul-2023,153330.2
CIRCLE K #1264 - SIXTH LINE,2530 SIXTH LINE L6H-6W5 OAKVILLE,OAKVILLE,Lotto 649,10-Jun-2023,139752.1
GATEWAY NEWSTANDS,370 ST. CLAIR AVE W M5P-1N4 TORONTO,TORONTO,Lotto 649,10-Jun-2023,139752.1
SUPER STAR CONVENIENCE STORE,2950 BIRCHMOUNT RD M1W-3G5 SCARBOROUGH,SCARBOROUGH,Poker Lotto All In,03-May-2023,137584.5
INS MARKET,4025 YONGE ST M2P-2E3 NORTH YORK,YORK,Instant Top Up,03-Apr-2023,133916.6
MAC'S WYANDOTTE E,7945 WYANDOTTE ST E N8S-1T1 WINDSOR,WINDSOR,Lotto 649,05-Jul-2023,132358.2
LOTTO ONE,539 GOVERNMENT ST P8N-2P6 DRYDEN,DRYDEN,Lotto 649,17-May-2023,119170.3
KESWICK VARIETY STORE,532 THE QUEENSWAY  S L4P-2E6 KESWICK,KESWICK,Lotto 649,06-May-2023,109927.5
THE THOMASBURG STORE,4822 HIGHWAY 37 K0K-3H0 THOMASBURG,THOMASBURG,Lotto 649,06-May-2023,109927.5
ESSO/CIRCLE K #52290,5571 YONGE ST M2N-5S4 NORTH YORK,YORK,Poker Lotto All In,28-Jun-2023,109468.6
PROSPECT VARIETY,901 MAIN ST E L8M-1M4 HAMILTON,HAMILTON,Poker Lotto All In,27-Jul-2023,109034.7
BIG BAY POINT VARIETY,649 YONGE ST L4N-4E7 BARRIE,BARRIE,Lotto 649,15-Mar-2023,106665.4
GIANT TIGER #202 GUELPH,183 SILVERCREEK PKY N N1H-3T2 GUELPH,GUELPH,Lotto 649,15-Mar-2023,106665.4
EAGLE MINI MART,1531 EAGLE ST N N3H-1E1 CAMBRIDGE,CAMBRIDGE,Poker Lotto All In,06-Aug-2023,104022.8
BIG BEAR FOOD MART,1401 RIVER RD E N2A-3X9 KITCHENER,KITCHENER,Lotto 649,24-Jun-2023,101801.8
7-ELEVEN BATHURST,3587 BATHURST ST M6A-2E2 NORTH YORK,YORK,Encore - Pick 3,07-Jul-2023,100000.0
7-ELEVEN ERIE,327 ERIE ST N5A-2N1 STRATFORD,STRATFORD,Encore - Ontario 49,22-Jul-2023,100000.0
7-ELEVEN TECUMSEH,5124 TECUMSEH RD E N8T-1C1 WINDSOR,WINDSOR,CROSSTRIPLER,31-3301,100000.0
777 VARIETY STORE,3095 BATHURST ST M6A-2A3 NORTH YORK,YORK,Encore - Pick 4,04-Aug-2023,100000.0
A & M MARKET,5353 LAKESHORE RD L7L-1C8 BURLINGTON,BURLINGTON,SUIT UP,31-2356,100000.0
ASPENDOS ENERGY INC. (PETRO CANADA),8155 TORBRAM RD L6T-5C5 BRAMPTON,BRAMPTON,Encore - Daily Grand,20-Apr-2023,100000.0
AVO CONVENIENCE,170 SANDALWOOD PKY E L6Z-1Y5 BRAMPTON,BRAMPTON,Encore - 649,18-Mar-2023,100000.0
AVONDALE FIRST,456 FIRST AVE L3C-6A7 WELLAND,WELLAND,Encore - Ontario 49,29-Mar-2023,100000.0
AVONDALE LINWELL/LYN,282 LINWELL RD L2N-6N5 ST CATHARINES,CATHARINES,Encore - Lotto Max,18-Jul-2023,100000.0
BAYRIDGES MARKET,713 KROSNO BLVD L1W-1G4 PICKERING,PICKERING,CROSSTRIPLER,31-3301,100000.0
BEAUTY BARGAIN & VARIETY STORE,2763 DANFORTH AVE M4C-1L8 TORONTO,TORONTO,Encore - Lottario,18-Mar-2023,100000.0
BEST CONVENIENCE,1410 QUEEN ST W M6K-1L9 TORONTO,TORONTO,CROSSTRIPLER,31-3301,100000.0
BOB'S TICKETS N' THINGS,3495 LAWRENCE AVE E M1H-1B3 SCARBOROUGH,SCARBOROUGH,Encore - 649,19-Jul-2023,100000.0
BYRON MINI MART,1290 BASE LINE ROAD BYRO N6K-2E3 LONDON,LONDON,SUIT UP,31-2356,100000.0
CANADIAN TIRE GAS BAR #1033,2207 RIVERSIDE DR P4R-0A1 TIMMINS,TIMMINS,Encore - Ontario 49,03-Jun-2023,100000.0
CIRCLE K #1437,915 RED RIVER RD P7B-1K5 THUNDER BAY,BAY,Encore - Lottario,01-Apr-2023,100000.0
CIRCLE K #65049 - ALLISTON,33 YOUNG ST L9R-1B5 ALLISTON,ALLISTON,Encore - Lotto Max,30-May-2023,100000.0
CIRCLE K #65049 - ALLISTON,33 YOUNG ST L9R-1B5 ALLISTON,ALLISTON,Encore - Ontario 49,29-Jul-2023,100000.0
CIRCLE K #65061 - SAUBLE BEACH,329 MAIN ST N0H-2G0 SAUBLE BEACH,BEACH,Encore - 649,01-Mar-2023,100000.0
CIRCLE K #66 - PARRY SOUND,95 CHURCH ST P2A-1Z4 PARRY SOUND,SOUND,Poker Lotto,20-Mar-2023,100000.0
CNIB WM - ST. THOMAS,1063 TALBOT ST N5P-1G4 ST THOMAS,THOMAS,Encore - Lotto Max,30-Jun-2023,100000.0
CNIB WM KANATA,5357 FERNBANK RD K2S-1B6 STITTSVILLE,STITTSVILLE,SUIT UP,31-2356,100000.0
CONVENIENCE K,75 HANNA AVE M6K-3N7 TORONTO,TORONTO,Encore - Lotto Max,09-Jun-2023,100000.0
CORNER STORE #10,3689 SANDWICH ST N9C-1B8 WINDSOR,WINDSOR,Encore - 649,05-Apr-2023,100000.0
CRANSTON CONVENIENCE STORE,20 CRANSTON PARK AVE L6A-2W2 MAPLE,MAPLE,Encore - Lotto Max,14-Jul-2023,100000.0
DAISY BELLEVILLE,157 BRIDGE ST W K8P-1J8 BELLEVILLE,BELLEVILLE,Encore - Lotto Max,11-Jul-2023,100000.0
DAISY MART # 82070,500 GLEN FORREST BLVD N2L-5G4 WATERLOO,WATERLOO,Encore - 649,10-May-2023,100000.0
DELICIOUS GREEK CONVENIENCE,800 KING ST W L1J-2L5 OSHAWA,OSHAWA,Encore - Ontario 49,04-Mar-2023,100000.0
ERIN EXPRESS VARIETY & VIDEO,9 MAIN ST N0B-1T0 ERIN,ERIN,CROSSTRIPLER,31-3301,100000.0
ESSO,2934 HIGHWAY 35 K9V-4R4 LINDSAY,LINDSAY,Encore - Lotto Max,03-Mar-2023,100000.0
ESSO/CIRCLE K #52276,800 LAWRENCE AVE E M3C-1P4 NORTH YORK,YORK,Encore - 649,22-Jul-2023,100000.0
ESSO/CIRCLE K# 52268,6788 REGIONAL ROAD 25 L9T-9G7 MILTON,MILTON,Poker Lotto,09-Mar-2023,100000.0
FILL STORE CONVENIENCE,218 VICTORIA RD S N1E-5R1 GUELPH,GUELPH,Encore - Pick 2,02-Aug-2023,100000.0
FISHER'S  YIG,30B BEAVER AVE L0K-1A0 BEAVERTON,BEAVERTON,Encore - Lotto Max,05-May-2023,100000.0
FOOD BASICS #629 - YORK MILLS,1277 YORK MILLS RD M3A-1Z5 NORTH YORK,YORK,Poker Lotto,14-May-2023,100000.0
FOOD BASICS #643 - NEW LISKEARD,11B HWY P0J-1P0 NEW LISKEARD,LISKEARD,Encore - Pick 3,19-Jun-2023,100000.0
FOOD BASICS #848 - TECUMSEH,1655 MANNING RD N8N-2L9 TECUMSEH,TECUMSEH,Encore - Lotto Max,21-Jul-2023,100000.0
FOOD BASICS #860 - GOYEAU ST,880 GOYEAU ST N9A-1H8 WINDSOR,WINDSOR,Encore - 649,21-Jun-2023,100000.0
FOREST GLEN DELI & APPETIZER,3409 FIELDGATE DR L4X-2J4 MISSISSAUGA,MISSISSAUGA,Encore - Lotto Max,16-May-2023,100000.0
GATEWAY NEWSTANDS,9350 YONGE ST L4C-5G2 RICHMOND HILL,HILL,Poker Lotto,28-May-2023,100000.0
GATEWAY NEWSTANDS #302,1530 ALBION RD M9V-1B4 ETOBICOKE,ETOBICOKE,CROSSTRIPLER,31-3301,100000.0
GEORGE'S CONVENIENCE,12612 HIGHWAY 50 L7E-1T6 BOLTON,BOLTON,100KMONYMTCH,31-2358,100000.0
GEORGE'S CONVENIENCE,9445 MISSISSAUGA RD L6X-0Z8 BRAMPTON,BRAMPTON,100KMONYMTCH,31-2358,100000.0
GEORGES CONVENIENCE,3651 MAJOR MACKENZIE DR L4H-0A2 WOODBRIDGE,WOODBRIDGE,Encore - Ontario 49,02-Aug-2023,100000.0
GIANT TIGER #216 FERGUS,900 TOWER ST S N1M-3N7 FERGUS,FERGUS,Encore - Lotto Max,07-Apr-2023,100000.0
GOCO GAS STATION CONVENIENCE,7326 ARKONA RD N0M-1B0 ARKONA,ARKONA,Encore - 649,03-Jun-2023,100000.0
GOOD LUCK VARIETY,241 DUNSDON ST N3R-7C3 BRANTFORD,BRANTFORD,Encore - Lotto Max,09-May-2023,100000.0
GOODIES CONVENIENCE,107 KENNEDY RD S L6W-3G3 BRAMPTON,BRAMPTON,Encore - Lotto Max,31-Mar-2023,100000.0
GORE GIFT & VARIETY,2031 LAKESHORE RD L7R-1A2 BURLINGTON,BURLINGTON,SUIT UP,31-2356,100000.0
GRAND MINI MART & VIDEO,895 GRAND AVE W N7L-1C8 CHATHAM,CHATHAM,Encore - Lotto Max,28-Apr-2023,100000.0
GREEN SPOT CONVENIENCE,20 LEE CENTRE DR M1H-3H9 SCARBOROUGH,SCARBOROUGH,100KMONYMTCH,31-2358,100000.0
INS MARKET #5140,2960 KINGSWAY DR N2C-1X1 KITCHENER,KITCHENER,Encore - 649,12-Apr-2023,100000.0
JASPREET KITCHEN FOOD FAIR,6986 FINANCIAL DR L5N-8J4 MISSISSAUGA,MISSISSAUGA,Encore - 649,17-Jun-2023,100000.0
JOE'S VARIETY,592 NOTRE DAME ST N0R-1A0 BELLE RIVER,RIVER,Encore - 649,24-Jun-2023,100000.0
JUG CITY,3750 LAWRENCE AVE E M1G-1R1 SCARBOROUGH,SCARBOROUGH,Encore - Lotto Max,11-Jul-2023,100000.0
KEN'S VARIETY,10 VANIER DR N7L-4P6 CHATHAM,CHATHAM,Encore - Lotto Max,14-Jul-2023,100000.0
KEVIN'S VARIETY,922 WYANDOTTE ST W N9A-5Y2 WINDSOR,WINDSOR,Encore - Lottario,29-Jul-2023,100000.0
KIRK'S GAS & CONVENIENCE,2440 518 HWY W P0A-1Y0 SPRUCEDALE,SPRUCEDALE,Encore - Lotto Max,02-Jun-2023,100000.0
KITCHEN FOOD FAIR CONVENIENCE,751 DON MILLS RD M3C-1S3 NORTH YORK,YORK,Encore - Lotto Max,31-Mar-2023,100000.0
LITTLE SHORT STOP STORE #1170,2399 KINGSWAY DR N2C-1A5 KITCHENER,KITCHENER,Encore - Lotto Max,18-Jul-2023,100000.0
LOBLAWS #1179 - BROADVIEW,720 BROADVIEW AVE M4K-2P1 TORONTO,TORONTO,Encore - Lotto Max,31-Mar-2023,100000.0
M & D VARIETY,2700 KIPLING AVE M9V-4P2 ETOBICOKE,ETOBICOKE,Encore - 649,05-Apr-2023,100000.0
MAC'S 1385,2055 SANDWICH WEST PKY N9H-2S4 LASALLE,LASALLE,Encore - Lottario,05-Aug-2023,100000.0
MAC'S MILDMAY,57 ELORA ST N0G-2J0 MILDMAY,MILDMAY,Encore - Lotto Max,30-May-2023,100000.0
MACEWEN CARLETON PLACE (21280),322 WILLIAM ST K7C-3S3 CARLETON PLACE,PLACE,CROSSTRIPLER,31-3301,100000.0
MACEWEN LUCAN (21018),33406 RICHMOND ST. N0M-2J0 LUCAN,LUCAN,Encore - 649,06-May-2023,100000.0
MANITOWABI CLOTHING AND GIFTS,2174 WIKWEMIKONG WAY P0P-2J0 WIKWEMIKONG,WIKWEMIKONG,Encore - Daily Keno,23-Jul-2023,100000.0
METRO #055- GUELPH,500 EDINBURGH ST N1G-4Z1 GUELPH,GUELPH,Encore - 649,01-Apr-2023,100000.0
MINI SMOKERS KORNER,2900 WARDEN AVE M1W-2S8 SCARBOROUGH,SCARBOROUGH,Encore - 649,22-Jul-2023,100000.0
MISTER CONVENIENCE,13 KING ST K0L-2W0 OMEMEE,OMEMEE,POWER UP,31-2368,100000.0
MR. GAS,4042 INNES RD K1C-1T1 ORLEANS,ORLEANS,Encore - 649,29-Mar-2023,100000.0
OASIS CONVENIENCE,7297 HWY #26 L0M-1S0 STAYNER,STAYNER,Encore - Lottario,29-Apr-2023,100000.0
OASIS GAS & VARIETY,1824 FOURTH LINE N0A-1M0 OHSWEKEN,OHSWEKEN,POWER UP,31-2368,100000.0
ON THE RUN ULTRAMAR GAS STATION,10 NORMAN JONES PL L4A-7X5 STOUFFVILLE,STOUFFVILLE,Encore - Lotto Max,30-Jun-2023,100000.0
ORANGE MART,3603 HIGHWAY 7  E L3R-8W3 MARKHAM,MARKHAM,WHEEL OF FORTUNE LOTTO,01-May-2023,100000.0
ORCHARD GROVE PHARMACY,8123 LUNDY'S LANE L2H-1H3 NIAGARA FALLS,FALLS,Encore - Lotto Max,30-May-2023,100000.0
PAPELARIA PORTUGAL,220 OSSINGTON AVE M6J-2Z9 TORONTO,TORONTO,Encore - Lotto Max,18-Apr-2023,100000.0
PARK'S VARIETY,43 NORTH PARK ST N3R-4J7 BRANTFORD,BRANTFORD,SUIT UP,31-2356,100000.0
PETRO CAN,3680 LANGSTAFF RD L4L-9A8 WOODBRIDGE,WOODBRIDGE,Lotto 649,25-Mar-2023,100000.0
PETRO CANADA,1007 ST LAURENT BLVD K1K-3B1 OTTAWA,OTTAWA,Encore - 649,15-Apr-2023,100000.0
PETRO CANADA,1345 LAWRENCE AVE E M3A-1C6 NORTH YORK,YORK,Encore - 649,01-Mar-2023,100000.0
PETRO CANADA,1487 CENTRE ST L4J-3M7 THORNHILL,THORNHILL,Encore - 649,03-Jun-2023,100000.0
PETRO CANADA,1845 ADELAIDE ST N N5X-0E3 LONDON,LONDON,Encore - Ontario 49,17-Jun-2023,100000.0
PETRO CANADA,471 MAIN ST S L6Y-1N6 BRAMPTON,BRAMPTON,Encore - 649,26-Jul-2023,100000.0
PETRO CANADA,471 MAIN ST S L6Y-1N6 BRAMPTON,BRAMPTON,Encore - Daily Grand,27-Jul-2023,100000.0
PETRO CANADA,695 BURNHAMTHORPE RD W L5C-3A6 MISSISSAUGA,MISSISSAUGA,Encore - Lotto Max,25-Apr-2023,100000.0
PIONEER ON THE RUN,3411 MAVIS RD L5C-1T7 MISSISSAUGA,MISSISSAUGA,Encore - Lotto Max,04-Aug-2023,100000.0
PIONEER ON THE RUN,545 WOODWARD AVE L8H-6P2 HAMILTON,HAMILTON,Encore - 649,25-Mar-2023,100000.0
PIONEER SNACK EXPRESS,1105 KING ST E N2G-2N3 KITCHENER,KITCHENER,Lotto 649,25-Mar-2023,100000.0
PIONEER SNACK EXPRESS,146 LIBERTY ST S L1C-2P4 BOWMANVILLE,BOWMANVILLE,Encore - Lotto Max,03-Mar-2023,100000.0
PRESTON'S FOOD MART,60 CONFEDERATION ST L7G-3R7 GLEN WILLIAMS,WILLIAMS,POWER UP,31-2368,100000.0
PROXI NEPEAN,1660 MERIVALE RD K2G-3K4 NEPEAN,NEPEAN,KINGS,31-2353,100000.0
REXALL #2188 - CALEDONIA,351 ARGYLE ST S N3W-1K7 CALEDONIA,CALEDONIA,Encore - Pick 2,14-Apr-2023,100000.0
REXALL #34,1205 FISHER ST P1B-2H2 NORTH BAY,BAY,Encore - Ontario 49,22-Mar-2023,100000.0
SDM #1254 - INNES & PORTOBELLO,1937 PORTOBELLO BLVD K4A-4W9 ORLEANS,ORLEANS,Encore - Lotto Max,19-May-2023,100000.0
SDM #1528 - GREENBANK & BELLMAN,181 GREENBANK RD K2H-5V6 NEPEAN,NEPEAN,Encore - Lotto Max,18-Jul-2023,100000.0
SDM #616 - RITSON CENTRE,300 TAUNTON RD E L1G-7T4 OSHAWA,OSHAWA,Encore - 649,15-Mar-2023,100000.0
SDM #670 - NEW SUDBURY CENTRE,1349 LASALLE BLVD P3A-1Z2 SUDBURY,SUDBURY,Encore - 649,18-Mar-2023,100000.0
SDM #771 - SOUTH COMMON MALL,2126 BURNHAMTHORPE RD W L5L-5Z5 MISSISSAUGA,MISSISSAUGA,Encore - Lotto Max,14-Jul-2023,100000.0
SDM #913 - JANE & MAJOR MACKENZIE,2943 MAJOR MACKENZIE DR L6A-3N9 MAPLE,MAPLE,Encore - 649,26-Jul-2023,100000.0
SHELL,12871 YONGE ST. L4E-1A3 RICHMOND HILL,HILL,Encore - 649,06-May-2023,100000.0
SHELL C STORE,4790 DORCHESTER RD L2E-6N9 NIAGARA FALLS,FALLS,Encore - 649,07-Jun-2023,100000.0
SHELL CANADA,135 REXDALE BLVD M9W-1P7 ETOBICOKE,ETOBICOKE,Encore - Lotto Max,20-Jun-2023,100000.0
SHELL GAS STATION,5286 DUNDAS ST W M9B-1B2 ETOBICOKE,ETOBICOKE,Encore - 649,22-Mar-2023,100000.0
SHELL SELECT,396 FRONT ST N K8P-3C9 BELLEVILLE,BELLEVILLE,Encore - Lotto Max,15-Aug-2023,100000.0
SHELL WHITES ROAD,690 KINGSTON RD L1V-1A6 PICKERING,PICKERING,POWER UP,31-2368,100000.0
SHERWOOD CONVENIENCE,19272 HIGHWAY 60 K0J-1B0 BARRYS BAY,BAY,Encore - Lotto Max,06-Jun-2023,100000.0
SHORTLINE CONVENIENCE AND VIDEO STORE,1300 2ND ST W K6J-1J3 CORNWALL,CORNWALL,Encore - 649,29-Jul-2023,100000.0
SMOKE & VARIETY,5 HILLCROFT DR L3S-1R6 MARKHAM,MARKHAM,Encore - Lotto Max,21-Apr-2023,100000.0
SMOKER'S KORNER,2900 WARDEN AVE M1W-2S8 SCARBOROUGH,SCARBOROUGH,100KMONYMTCH,31-2358,100000.0
SOBEYS #6730,255 DUNDAS ST E L8B-0E5 WATERDOWN,WATERDOWN,Lotto 649,25-Mar-2023,100000.0
SOL CONVENIENCE,1243 ST. CLAIR AVE W M6E-1B8 TORONTO,TORONTO,Poker Lotto,01-Jun-2023,100000.0
SP&G,82 PENINSULA ROAD P0T-2E0 MARATHON,MARATHON,Encore - 649,24-Jun-2023,100000.0
STEELES EDWARD K. CIGAR & NEWS,6229 BATHURST ST M2R-2A5 NORTH YORK,YORK,Encore - Lotto Max,20-Jun-2023,100000.0
STONEY LAKE VARIETY,10420 124 HWY P0A-1Z0 SUNDRIDGE,SUNDRIDGE,SUIT UP,31-2356,100000.0
SUN VARIETY,1406 KING ST E N3H-3R4 CAMBRIDGE,CAMBRIDGE,Encore - 649,16-Aug-2023,100000.0
T.O. FINE FOODS LAKESHORE,3089 LAKE SHORE BLVD W M8V-3W8 ETOBICOKE,ETOBICOKE,POWER UP,31-2368,100000.0
TELLY'S VARIETY,775 COLBORNE ST N3S-3S3 BRANTFORD,BRANTFORD,Encore - Lotto Max,28-Apr-2023,100000.0
THE COUNTRY STORE,9142 HWY 17 P0R-1C0 BRUCE MINES,MINES,Encore - 649,03-Jun-2023,100000.0
TOTTENHAM PHARMACY,55 QUEEN ST S L0G-1W0 TOTTENHAM,TOTTENHAM,Encore - 649,19-Aug-2023,100000.0
ULTRAMAR TRENTON,110 COUNTY RD 33 K8V-5P6 TRENTON,TRENTON,Encore - Lotto Max,18-Apr-2023,100000.0
VANDERWERF'S YOUR INDEPENDENT GROCER,1244 GODERICH ST N0H-2C0 PORT ELGIN,ELGIN,Encore - Lotto Max,09-May-2023,100000.0
VICTORY CONVENIENCE,2976 FALCONBRIDGE HWY P3L-1J6 GARSON,GARSON,Encore - Lotto Max,07-Jul-2023,100000.0
WAVERLEY VARIETY,114 WAVERLEY RD L1C-3W9 BOWMANVILLE,BOWMANVILLE,Lotto 649,25-Mar-2023,100000.0
WEST RIDGE CONVENIENCE STORE,3300 MONARCH DR L3V-8A2 ORILLIA,ORILLIA,Lotto 649,25-Mar-2023,100000.0
ESSO,5241 BLOOMINGTON RD L4A-2W9 STOUFFVILLE,STOUFFVILLE,Poker Lotto All In,13-Jun-2023,99448.4
GIANT TIGER #159 SCARBOROUGH,682 KENNEDY RD M1K-2B5 SCARBOROUGH,SCARBOROUGH,Lotto Max,21-Mar-2023,91824.4
7-ELEVEN ST.CLAIR W,1169 ST CLAIR AVE W M6E-1B2 TORONTO,TORONTO,WILD 8,31-2352,88888.0
C & H VARIETY,329 ADELAIDE AVE E L1G-1Z9 OSHAWA,OSHAWA,WILD 8,31-2352,88888.0
METRO #229- KING ROSE PLACE,1900 KING ST E L8K-1W1 HAMILTON,HAMILTON,WILD 8,31-2352,88888.0
MORGAN'S CONVENIENCE,279 GRAND RIVER ST N N3L-2N9 PARIS,PARIS,WILD 8,31-2352,88888.0
QUICKIE BROCKVILLE 40002,1275 KENSINGTON PKY K6V-6C3 BROCKVILLE,BROCKVILLE,WILD 8,31-2352,88888.0
SHELL,2975 ST JOSEPH BLVD K1C-7C2 ORLEANS,ORLEANS,WILD 8,31-2352,88888.0
LOBLAWS #1028 - RICHMOND HILL,301 HIGH TECH RD L4B-4R2 RICHMOND HILL,HILL,Lotto Max,26-May-2023,88590.0
SHELL,7828 NINTH LINE L6B-1A8 MARKHAM,MARKHAM,Lotto Max,16-May-2023,86645.2
BEST PRICE CORNER STORE,415 TECUMSEH RD W N8X-1G5 WINDSOR,WINDSOR,Lotto Max,16-Jun-2023,85696.7
STOUFFVILLE HUSKY,2210 STOUFFVILLE RD L0H-1G0 GORMLEY,GORMLEY,Lotto 649,29-Mar-2023,85379.0
WHITE OAKS TICKET CENTRE,1105 WELLINGTON RD N6E-1V4 LONDON,LONDON,Lotto 649,29-Mar-2023,85379.0
BUCKHORN FOODLAND,3329 BUCKHORN RD K0L-1J0 BUCKHORN,BUCKHORN,Lotto Max,07-Jul-2023,82911.1
RIVER VARIETY,380 QUEENSVILLE SIDE RD L9N-1A8 RIVER DRIVE PAR,PAR,Lotto Max,07-Jul-2023,82911.1
GOLD STAR CONVENIENE,3100 DIXIE RD L4Y-2A6 MISSISSAUGA,MISSISSAUGA,Lotto 649,12-Apr-2023,81744.7
PETRO CANADA,1071 DUNDAS ST S N1R-5S2 CAMBRIDGE,CAMBRIDGE,Lotto 649,12-Apr-2023,81744.7
PETRO CANADA,7011 BATHURST ST L4J-2J6 THORNHILL,THORNHILL,Lotto 649,12-Apr-2023,81744.7
WELLINGTON MINI MART,297 WELLINGTON ST E L4G-6H6 AURORA,AURORA,Poker Lotto All In,07-Jul-2023,77009.2
GLEN'S VARIETY STORE & GAS BAR,300 ST ANDREWS ST N1S-1P3 CAMBRIDGE,CAMBRIDGE,CASINO CASH,31-2340,75000.0
GREENWOOD FOOD MARKET,247 GREENWOOD AVE M4L-2R4 TORONTO,TORONTO,CASHINGO,31-2361,75000.0
JEM MART #40,3397 FALCONBRIDGE HWY P3L-1E4 GARSON,GARSON,CASINO CASH,31-2340,75000.0
JUNGS JUGS CITY,320 MAIN ST N0C-1B0 DUNDALK,DUNDALK,RUN THETABLE,31-2377,75000.0
LUCKY MART,104 HIGH ST L0E-1R0 SUTTON WEST,WEST,RUN THETABLE,31-2377,75000.0
NEW YORK NEWS - LAWRENCE SQ,700 LAWRENCE AVE W M6A-3B4 NORTH YORK,YORK,ROULETTE,31-2364,75000.0
POINT VARIETY,510 MICHIGAN AVE N7V-1G5 POINT EDWARD,EDWARD,CASHINGO,31-2361,75000.0
SAK'S FINE FOODS,1677 O'CONNOR DR M4A-1W5 NORTH YORK,YORK,CASHINGO,31-2361,75000.0
SOBEYS #707 - NORTH PARK,930 NORTH PARK DR L6S-3Y5 BRAMPTON,BRAMPTON,CASINO CASH,31-2340,75000.0
THE TICKET SHOP,6464 YONGE ST M2M-3X4 NORTH YORK,YORK,TETRIS,31-2362,75000.0
BALTAZ CORNERS,2351 FISCHER HALLMAN RD N0B-1E0 AYR,AYR,Lotto Max,21-Apr-2023,74651.4
SMITH'S ULTRAMAR,21 GREER RD P0B-1L0 PORT SYDNEY,SYDNEY,Lotto 649,03-Jun-2023,73755.0
LOBLAWS #1082 - MERIVALE,1460 MERIVALE RD K2E-5P2 NEPEAN,NEPEAN,Lotto 649,14-Jun-2023,73607.3
MAC'S HOWARD,2730 HOWARD AVE N8X-3X6 WINDSOR,WINDSOR,Poker Lotto All In,21-May-2023,73097.2
CITY CONVENIENCE,380 CROCKETT ST L8V-1H9 HAMILTON,HAMILTON,Lotto 649,04-Mar-2023,71198.6
LITTLE ELEVEN CONVENIENCE,409 YONGE ST L4N-4E1 BARRIE,BARRIE,Lotto 649,24-May-2023,69758.9
THORNBURY EXPRESS MART,40 ARTHUR ST W N0H-2P0 THORNBURY,THORNBURY,Lotto Max,08-Aug-2023,67802.9
GIANT TIGER #137 NIAGARA FALLS,6161 THOROLD STONE RD L2J-1A4 NIAGARA FALLS,FALLS,Lotto 649,13-May-2023,63048.4
MACEWEN SEYMOUR- COUNTY LINE,1375 SEYMOUR ST P1B-9V6 NORTH BAY,BAY,Lotto 649,13-May-2023,63048.4
PETRO CANADA GAS STATION,5899 BALDWIN ST S L1M-2J7 WHITBY,WHITBY,Poker Lotto All In,08-May-2023,61982.9
HAPPY MARKET,547 HOLLAND ST W L3Z-0C1 BRADFORD,BRADFORD,Poker Lotto All In,12-Aug-2023,60559.4
ESSO/CIRCLE K #52590,1472 WELLINGTON ST E L4G-7B6 AURORA,AURORA,Poker Lotto All In,27-Mar-2023,59904.6
ORSMBEE'S MERCANTILE,3814 BATTERSEA RD K0H-1X0 INVERARY,INVERARY,Lotto 649,07-Jun-2023,59762.2
PIONEER/SHOP & GO CONVENIENCE,161 PETER ST L1A-1C7 PORT HOPE,HOPE,Lotto 649,07-Jun-2023,59762.2
CIRCLE K #66123 - BLOOR,2244 BLOOR ST W M6S-1N6 TORONTO,TORONTO,Lotto 649,01-Apr-2023,55918.8
GATEWAY NEWSTANDS #55,1800 SHEPPARD AVE E M2J-5A7 NORTH YORK,YORK,Poker Lotto All In,13-May-2023,55143.2
ACTION  CONVENIENCE,1701 MARTIN GROVE RD M9V-4N4 ETOBICOKE,ETOBICOKE,Ontario 49,25-Mar-2023,50000.0
BIG BEE CONVENIENCE,1557 MAIN ST E L8K-1E5 HAMILTON,HAMILTON,Daily Keno,04-Aug-2023,50000.0
BUCK OR TWO PLUS #603,275 BROCKVILLE ST K7A-4Z6 SMITHS FALLS,FALLS,Ontario 49,19-Apr-2023,50000.0
CANADIAN TIRE GAS BAR #1171,678 HWY 401 WESTBOUND K0E-1R0 MALLORYTOWN,MALLORYTOWN,Daily Keno,22-May-2023,50000.0
CANADIAN TIRE GAS BAR #1719,1101 ONTARIO ST N5A-6W6 STRATFORD,STRATFORD,BINGO,31-3037,50000.0
CARLTON CONVENIENCE,230 BATHURST ST M5T-2S3 TORONTO,TORONTO,Daily Keno,14-Apr-2023,50000.0
CIRCLE K #813 - QUEEN E,130 QUEEN ST E L6V-1B1 BRAMPTON,BRAMPTON,Ontario 49,19-Jul-2023,50000.0
ESSO/CIRCLE K #52668,3600 SHEPPARD AVE E M1T-3K7 SCARBOROUGH,SCARBOROUGH,Daily Keno,03-Apr-2023,50000.0
FAMILY MART #2,1240 TALBOT ST N5P-1G9 ST THOMAS,THOMAS,GOLDEN JP,31-2333,50000.0
GATEWAY NEWSTANDS #105,16 YORK MILLS RD M2P-2E5 NORTH YORK,YORK,Daily Keno,15-Jun-2023,50000.0
GOLDIE'S VARIETY,679 MOHAWK RD E L8V-2K6 HAMILTON,HAMILTON,Daily Keno,07-May-2023,50000.0
LUCKY LOTTO CENTRE,2900 WARDEN AVE M1W-2S8 SCARBOROUGH,SCARBOROUGH,Daily Keno,24-Jun-2023,50000.0
MEADOWBROOKS VARIETY,545 ARMSTRONG RD K7M-7G9 KINGSTON,KINGSTON,Daily Keno,09-May-2023,50000.0
MISTER CONVENIENCE,184 MARINA BLVD K9H-6M9 PETERBOROUGH,PETERBOROUGH,Daily Keno,14-Jul-2023,50000.0
MOBIL@LOBLAWS,400 KENT ST W K9V-6K2 LINDSAY,LINDSAY,Ontario 49,15-Jul-2023,50000.0
NEIGHBOURHOOD CONVENIENCE,894 MOUNT PLEASANT RD M4P-2L6 TORONTO,TORONTO,Daily Keno,05-May-2023,50000.0
NORLAND CONVENIENCE,3465 MONCK ROAD #45 K0M-2L0 NORLAND,NORLAND,SCRABBLE,31-2372,50000.0
PETER'S CONVENIENCE,1050 UPPER GAGE AVE L8V-5B7 HAMILTON,HAMILTON,Daily Keno,07-May-2023,50000.0
PETRO CANADA,1270 BRIMLEY RD M1P-3G6 SCARBOROUGH,SCARBOROUGH,Daily Keno,04-Mar-2023,50000.0
PETRO CANADA,1571 LAWRENCE AVE W M6L-1C3 NORTH YORK,YORK,Daily Keno,19-May-2023,50000.0
PETRO CANADA,1651 ELLESMERE RD M1H-2V4 SCARBOROUGH,SCARBOROUGH,Ontario 49,17-May-2023,50000.0
PETRO CANADA,587 THIRD LINE L6L-4A8 OAKVILLE,OAKVILLE,Daily Keno,18-May-2023,50000.0
REXALL #2139 - STROUD,7975 YONGE ST L9S-1A8 INNISFIL,INNISFIL,Ontario 49,26-Jul-2023,50000.0
REXALL #6909 - SCARBOR GEN HOSPITAL,3030 LAWRENCE AVE E M1P-2T7 SCARBOROUGH,SCARBOROUGH,BINGO MULTIP,31-3080,50000.0
SDM #1410 - BLOOR & BEDFORD,236 BLOOR ST W M5S-1T8 TORONTO,TORONTO,Daily Keno,05-Jun-2023,50000.0
SMOKER'S KORNER,2900 WARDEN AVE M1W-2S8 SCARBOROUGH,SCARBOROUGH,Daily Keno,11-May-2023,50000.0
STOREASY,846 PAPE AVE M4K-3T6 EAST YORK,YORK,REEL CASH,31-2360,50000.0
STRATFORD VARIETY,542 DOWNIE ST N5A-1Y2 STRATFORD,STRATFORD,CROSSWORD,31-3236,50000.0
WELCOME GUARDIAN PHARMACY,1881 YONGE ST M4S-3C4 TORONTO,TORONTO,Ontario 49,01-Apr-2023,50000.0
WELLINGTON CONVENIENCE,700 WELLINGTON ST N7T-1J2 SARNIA,SARNIA,Ontario 49,01-Mar-2023,50000.0
WENDY'S ONE STOP SHOP,15101 HIGHWAY 48 L4A-3B5 STOUFFVILLE,STOUFFVILLE,Ontario 49,11-Mar-2023,50000.0
WESTBRAM A CONVENIENCE,400 QUEEN ST W L6X-1B3 BRAMPTON,BRAMPTON,BINGO,31-3037,50000.0
EVERGREEN TOP CONVENIENCE,370 HIGHLAND RD W N2M-5J9 KITCHENER,KITCHENER,Lotto 649,22-Jul-2023,46922.4
SDM #1201 - DERRY & BRONTE,6951 DERRY RD L9T-7H5 MILTON,MILTON,Lotto 649,22-Jul-2023,46922.4
SOBEYS #934 SPADINA & BREMNAR,22 FORT YORK BLVD M5V-3Z2 TORONTO,TORONTO,Lotto 649,22-Jul-2023,46922.4
CIRCLE K #802 - HIGHGATE,1402 HIGHGATE RD K2C-2Y6 OTTAWA,OTTAWA,Lotto 649,22-Mar-2023,44538.2
OLIVEWOOD HUSKY,879 KIPLING AVE M8Z-5H2 ETOBICOKE,ETOBICOKE,Lotto 649,22-Mar-2023,44538.2
PIONEER ON THE RUN,2430 FAIRVIEW ST L7R-2E4 BURLINGTON,BURLINGTON,Lotto 649,22-Mar-2023,44538.2
THE AIRWAYS GENERAL STORE,2667 SECOND LINE W P6A-6K4 PRINCE TWP,TWP,Lotto 649,22-Mar-2023,44538.2
FORTINOS,2911 MAJOR MACKENZIE DR L6A-3N9 MAPLE,MAPLE,Lotto Max,28-Mar-2023,43475.0
MILK PLUS,1909 ELLESMERE RD M1H-2W5 SCARBOROUGH,SCARBOROUGH,Lotto Max,28-Mar-2023,43475.0
SDM #667 - ELLIOT LAKE,220 ONTARIO AVE P5A-1Y5 ELLIOT LAKE,LAKE,Lotto Max,28-Mar-2023,43475.0
GATEWAY NEWSTANDS,1571 SANDHURST CIR M1V-1V2 SCARBOROUGH,SCARBOROUGH,Poker Lotto All In,24-May-2023,39661.3
BIG A CONVENIENCE STORE,794 LONDON RD N7T-4Y1 SARNIA,SARNIA,WILD ACES,31-2348,35000.0
BYNG VARIETY AND GAS CORP,10 PORT MAITLAND RD N1A-1Y4 DUNNVILLE,DUNNVILLE,DOUBLE IT,31-2351,35000.0
SCHOMBERG FOODLAND 6392,17250 HIGHWAY 27 RD L0G-1T0 SCHOMBERG,SCHOMBERG,DOUBLE IT,31-2351,35000.0
NEW TOWN VARIETY PLUS,54 MAIN ST E N0P-2C0 RIDGETOWN,RIDGETOWN,Lotto 649,02-Aug-2023,34155.7
DAISY MART,75 ALDER ST L9W-5A9 ORANGEVILLE,ORANGEVILLE,PAY DAY,31-2371,30000.0
QUEEN ST. VARIETY,1296 QUEEN ST E M4L-1C4 TORONTO,TORONTO,PAY DAY,31-2371,30000.0
RABBA KINGSCROSS,17 KINGSCROSS RD L6T-3V5 BRAMPTON,BRAMPTON,PAY DAY,31-2371,30000.0
CIRCLE K #00186,75 WILLIAM ST N K9V-4A3 LINDSAY,LINDSAY,WILD 8,31-2352,28888.0
SDM #728 - CONESTOGA MALL,550 KING ST N N2L-5W6 WATERLOO,WATERLOO,WILD 8,31-2352,28888.0
ANGEL'S CONVENIENCE,2965 ISLINGTON AVE M9L-2K7 NORTH YORK,YORK,Lotto 649,31-May-2023,27875.8
BIG BEAR FOOD MART,159 HIGHLAND RD E N2M-3W1 KITCHENER,KITCHENER,Lotto 649,31-May-2023,27875.8
AJAX ESSO,290 ROSSLAND RD E L1T-4V2 AJAX,AJAX,Daily Keno,05-Aug-2023,25000.0
ALBION JUG CITY,1620 ALBION RD M9V-4B4 ETOBICOKE,ETOBICOKE,Daily Keno,09-May-2023,25000.0
AVONDALE STEWART MARKET,1620 DOMINION RD L2A-5M4 FORT ERIE,ERIE,Ontario 49,10-May-2023,25000.0
BALA VARIETY AND LOTTO,3030 DON MILLS RD M2J-3C1 NORTH YORK,YORK,Daily Keno,05-Aug-2023,25000.0
BEST VALUE,462 BIRCHMOUNT RD M1K-1N8 SCARBOROUGH,SCARBOROUGH,Daily Keno,06-Apr-2023,25000.0
BUSY BEE MART,1261 ALEXANDRA AVE L5E-2A7 MISSISSAUGA,MISSISSAUGA,Daily Keno,09-May-2023,25000.0
CANADIAN TIRE GAS BAR #1118,274 FOURTH AVE L2R-6P9 ST CATHARINES,CATHARINES,Daily Keno,09-Jun-2023,25000.0
CANADIAN TIRE GAS PLUS #1021,1895 HYDE PARK RD N6H-0A3 LONDON,LONDON,Daily Keno,07-Mar-2023,25000.0
CANCO 122 COLLINGWOOD,143 HUME ST L9Y-1V7 COLLINGWOOD,COLLINGWOOD,BINGO,31-3037,25000.0
CIRCLE K #55 - LEACOCK,420 LEACOCK DR L4N-5M6 BARRIE,BARRIE,TETRIS,31-2362,25000.0
CIRCLE K #60309 - ISLINGTON,2428 ISLINGTON AVE M9W-3X8 ETOBICOKE,ETOBICOKE,Pick 4,19-Apr-2023,25000.0
CNIB - PRIZE CENTRE,20 DUNDAS ST W M5G-2C2 TORONTO,TORONTO,Daily Keno,05-May-2023,25000.0
DAISY MART,34 HARWOOD AVE S L1S-2B6 AJAX,AJAX,Ontario 49,10-May-2023,25000.0
ELLIOTT'S CIGAR,2790 DANFORTH AVE M4C-1M1 TORONTO,TORONTO,Daily Keno,21-Mar-2023,25000.0
ESSO,197 BELLAMY RD N M1J-2L3 SCARBOROUGH,SCARBOROUGH,Daily Keno,06-Apr-2023,25000.0
ESSO/CIRCLE K #52479,843 DON MILLS RD M3C-1V4 NORTH YORK,YORK,Ontario 49,29-Jul-2023,25000.0
ESSO/CLARK'S CORNER GAS,41 DICKENSON RD P0V-1C0 BALMERTOWN,BALMERTOWN,RUN THETABLE,31-2377,25000.0
ESSO/HASTY MARKET,14010 HURONTARIO ST L7C-2C1 INGLEWOOD,INGLEWOOD,TETRIS,31-2362,25000.0
FRIENDS VARIETY,150 SIDNEY ST K8P-5E2 BELLEVILLE,BELLEVILLE,Daily Keno,04-May-2023,25000.0
GATEWAY NEWSTANDS,84 LYNDEN RD N3R-6B8 BRANTFORD,BRANTFORD,Lotto 649,13-May-2023,25000.0
GATEWAY NEWSTANDS KIOSK #128,15 JANE ST M6S-3Y3 TORONTO,TORONTO,Daily Keno,19-Apr-2023,25000.0
GIANT TIGER #19 NAPANEE,13 INDUSTRIAL BLVD K7R-1M7 NAPANEE,NAPANEE,Lotto 649,13-May-2023,25000.0
GIANT TIGER #211 HANOVER,880 10TH ST N4N-1S3 HANOVER,HANOVER,Lotto 649,13-May-2023,25000.0
J & B VARIETY,139 GLENMORRIS ST N1S-2Z4 CAMBRIDGE,CAMBRIDGE,CASHINGO,31-2361,25000.0
J'S VARIETY,434 LACLIE ST L3V-4P6 ORILLIA,ORILLIA,100KMONYMTCH,31-2358,25000.0
LONGO'S #25 - MILTON,1079 MAPLE AVE L9T-0A5 MILTON,MILTON,Ontario 49,29-Jul-2023,25000.0
M & C LUCKY CONVENIENCE,141 MARTIN GROVE RD M9B-4K8 ETOBICOKE,ETOBICOKE,Daily Keno,04-Mar-2023,25000.0
M & D VARIETY,2700 KIPLING AVE M9V-4P2 ETOBICOKE,ETOBICOKE,Daily Keno,05-Jun-2023,25000.0
MAC'S LAVERY,1100 LAVERY ST P1B-5B1 NORTH BAY,BAY,RUN THETABLE,31-2377,25000.0
MAC'S MCNAUGHTON W,170 MCNAUGHTON AVE W N7L-1R4 CHATHAM,CHATHAM,Lotto 649,13-May-2023,25000.0
METRO #479- ORILLIA,70 FRONT ST N L3V-4R8 ORILLIA,ORILLIA,Daily Keno,30-May-2023,25000.0
METRO #759- MERCHANDISE BLDG,89 GOULD ST M5B-2R1 TORONTO,TORONTO,Daily Keno,19-Apr-2023,25000.0
MISTER CONVENIENCE,184 MARINA BLVD K9H-6M9 PETERBOROUGH,PETERBOROUGH,Daily Keno,07-May-2023,25000.0
MOUNT ALBERT MAIN MILK & CONVENIENCE,61 MAIN ST L0G-1M0 MOUNT ALBERT,ALBERT,Daily Keno,30-Mar-2023,25000.0
NEWLY ELSON'S VARIETY & GIFT,280 ELSON ST L3S-3L1 MARKHAM,MARKHAM,Daily Keno,14-Apr-2023,25000.0
NEWS DEPOT,262 DUNDAS ST N6A-1H3 LONDON,LONDON,SUIT UP,31-2356,25000.0
NICHOLBY'S,123 QUEEN ST W M5H-3M9 TORONTO,TORONTO,Daily Keno,17-Aug-2023,25000.0
OXFORD MINI MART & TIP TOP CLEANERS,9 LISGAR AVE N4G-5A9 TILLSONBURG,TILLSONBURG,CROSS DELUXE,31-3351,25000.0
PETRO CANADA,1270 BRIMLEY RD M1P-3G6 SCARBOROUGH,SCARBOROUGH,Pick 4,16-May-2023,25000.0
PETRO CANADA,277 HIGHBURY AVE N5Z-2W8 LONDON,LONDON,Pick 4,08-Jul-2023,25000.0
PETRO CANADA,354 QUEEN ST E L6V-1C3 BRAMPTON,BRAMPTON,Daily Keno,26-Apr-2023,25000.0
PETRO CANADA,385 WESTON RD M6N-3P7 TORONTO,TORONTO,Daily Keno,03-May-2023,25000.0
PICKERING FOOD FAIR,1360 KINGSTON RD L1V-3B4 PICKERING,PICKERING,Pick 4,09-Jun-2023,25000.0
PIONEER ON THE RUN,857 10TH ST N4N-1S1 HANOVER,HANOVER,Daily Keno,10-Jun-2023,25000.0
QUICK STOP CONVENIENCE,876 DANFORTH RD M1K-1H8 SCARBOROUGH,SCARBOROUGH,Pick 4,26-Apr-2023,25000.0
QUICKIE RICHMOND 40052,1386 RICHMOND RD K2B-8L4 OTTAWA,OTTAWA,BINGO MULTIP,31-3080,25000.0
RED APPLES CONVENIENCE,5700 MAVIS RD L5V-2N6 MISSISSAUGA,MISSISSAUGA,CASHINGO,31-2361,25000.0
REXALL #83 -  SOUTHDOWN ROAD,1375 SOUTHDOWN RD L5J-2Z1 MISSISSAUGA,MISSISSAUGA,Pick 4,11-Jun-2023,25000.0
ROBLIN GAS BAR,3243 HIGHWAY 41 K0K-2W0 ROBLIN,ROBLIN,SUIT UP,31-2356,25000.0
SAM'S FOOD MARKET AND CONVENIENCE,9587 WESTON RD L4H-3A5 WOODBRIDGE,WOODBRIDGE,Pick 4,30-Apr-2023,25000.0
SAWA CONVENIENCE STORE,8633 WESTON RD L4L-9R6 WOODBRIDGE,WOODBRIDGE,Daily Keno,03-May-2023,25000.0
SHOP 'N GO CONVENIENCE,100 CAVELL AVE M8V-3V6 ETOBICOKE,ETOBICOKE,Pick 4,30-Apr-2023,25000.0
SIOUX LOTTERY CENTRE,64 FRONT ST P8T-1B1 SIOUX LOOKOUT,LOOKOUT,Daily Keno,06-Jul-2023,25000.0
SMOKE & GIFT,1 SPADINA RD L4B-3M2 RICHMOND HILL,HILL,100KMONYMTCH,31-2358,25000.0
SNAPPY FOOD MART,3600 ELLESMERE RD M1C-4Y8 SCARBOROUGH,SCARBOROUGH,Daily Keno,25-May-2023,25000.0
SOBEYS #4740,1012 BROAD ST E N1A-2Z2 DUNNVILLE,DUNNVILLE,Ontario 49,20-May-2023,25000.0
STIRLING SHELL,115 BELLEVILLE RD K0K-3E0 STIRLING,STIRLING,Lotto 649,13-May-2023,25000.0
SUPER CONVENIENCE,574A PLAINS RD E L7T-2E5 BURLINGTON,BURLINGTON,Daily Keno,11-Mar-2023,25000.0
SUPER GREEN CONVENIENCE,321 SANDWICH ST S N9V-2A9 AMHERSTBURG,AMHERSTBURG,100KMONYMTCH,31-2358,25000.0
THE CORNER STORE,475 WESTNEY RD N L1T-3H4 AJAX,AJAX,Daily Keno,01-Apr-2023,25000.0
TWO BROTHERS CONVENIENCE,899 GRAND MARAIS RD E N8X-3H9 WINDSOR,WINDSOR,Daily Keno,01-Jul-2023,25000.0
ULTRAMAR ON THE RUN,401 MARCH RD K2K-0K1 KANATA,KANATA,Lotto 649,13-May-2023,25000.0
VICKY & MOM'S CONVENIENCE,9000 WESTON RD L4L-0L1 WOODBRIDGE,WOODBRIDGE,Daily Keno,24-Mar-2023,25000.0
WESTHEIGHTS CONVENIENCE,450 WESTHEIGHTS DR N2N-2B9 KITCHENER,KITCHENER,Lotto 649,13-May-2023,25000.0
YOUNG FOOD MART,4190 KINGSTON RD M1E-4W1 SCARBOROUGH,SCARBOROUGH,Daily Keno,15-Jul-2023,25000.0
GATEWAY LOTTO,35ST BLOOR ST E M4W-1A9 TORONTO,TORONTO,Lotto 649,25-Mar-2023,23635.3
KAVIYAM CONVENIENCE STORE INC.,2 QUAKER VILLAGE DR L9P-1A1 UXBRIDGE,UXBRIDGE,Lotto 649,25-Mar-2023,23635.3
PETRO CAN CREDITSTONE,2651 RUTHERFORD RD L4K-2N6 CONCORD,CONCORD,Lotto 649,25-Mar-2023,23635.3
PETRO CANADA,765 GARDINERS RD K7M-3Y5 KINGSTON,KINGSTON,Lotto 649,25-Mar-2023,23635.3
ULTRAMAR ON THE RUN,150 CONSUMERS DR L1N-9S3 WHITBY,WHITBY,Lotto 649,25-Mar-2023,23635.3
BAYSVILLE COUNTRY STORE,2611 MUSKOKA DISTRICT ROA P0B-1A0 BAYSVILLE,BAYSVILLE,Pick 4,22-Jul-2023,20000.0
BCC LOTTO CENTRE,25 PEEL CENTRE DR L6T-3R5 BRAMPTON,BRAMPTON,Pick 4,02-May-2023,20000.0
CANADIAN PETROLEUM,4919 STEELES AVE E M1V-4Z4 SCARBOROUGH,SCARBOROUGH,Pick 4,29-Apr-2023,20000.0
CANADIAN TIRE GAS BAR #1118,274 FOURTH AVE L2R-6P9 ST CATHARINES,CATHARINES,Daily Keno,09-Jun-2023,20000.0
CIRCLE K #68050,100 CASTLEFRANK RD K2L-2V6 KANATA,KANATA,Daily Keno,26-Jul-2023,20000.0
CIRCLE K #68050,100 CASTLEFRANK RD K2L-2V6 KANATA,KANATA,Daily Keno,26-Jul-2023,20000.0
CIRCLE K #68050,100 CASTLEFRANK RD K2L-2V6 KANATA,KANATA,Daily Keno,26-Jul-2023,20000.0
COLBORNE ESSO AND CONVENIENCE,109 KING ST E K0K-1S0 COLBORNE,COLBORNE,Pick 4,04-Jul-2023,20000.0
D & DALSY MART,4365 BRANDON GATE DR L4T-3K6 MISSISSAUGA,MISSISSAUGA,Pick 4,16-Mar-2023,20000.0
DAISY FRESH CONVENIENCE,1980 ROSEFIELD RD L1V-3M4 PICKERING,PICKERING,Pick 4,06-Mar-2023,20000.0
GATEWAY NEWSTANDS,419 KING ST W L1J-2K5 OSHAWA,OSHAWA,Pick 4,21-Jun-2023,20000.0
MAC'S CIGAR STORE,1625 DUNDAS ST W M6K-1V2 TORONTO,TORONTO,Pick 4,29-Mar-2023,20000.0
MAC'S CIGAR STORE,1625 DUNDAS ST W M6K-1V2 TORONTO,TORONTO,Pick 4,30-Apr-2023,20000.0
MAC'S NEW LISKEARD,14 PAGET ST S P0J-1P0 NEW LISKEARD,LISKEARD,GOLDEN JP,31-2333,20000.0
MR. CONVENIENCE,1474 PICKWICK DR L5V-2G2 MISSISSAUGA,MISSISSAUGA,Pick 4,21-Apr-2023,20000.0
PETRO CANADA,1095 DON MILLS RD M3C-1W7 NORTH YORK,YORK,Pick 4,23-Jun-2023,20000.0
PETRO CANADA,7314 MARKHAM RD L3S-4V7 MARKHAM,MARKHAM,Pick 4,15-Aug-2023,20000.0
RAINBOW VARIETY,249 VAUXHALL DR M1P-1R6 SCARBOROUGH,SCARBOROUGH,Pick 4,24-Apr-2023,20000.0
SDM #922 - RIMROCK PLAZA,1115 LODESTAR RD M3J-0G9 NORTH YORK,YORK,Pick 4,14-Mar-2023,20000.0
SHELL GAS STATION,909 WILSON AVE M3K-1E6 NORTH YORK,YORK,Pick 4,14-Aug-2023,20000.0
SIJ DAISY MART,420 7 HWY E L4B-3K2 RICHMOND HILL,HILL,Pick 4,12-Apr-2023,20000.0
SUNNY VARIETY & GROCERY,668 SHEPPARD AVE W M3H-2S5 NORTH YORK,YORK,Pick 4,28-Jul-2023,20000.0
VAN WART'S YOUR INDEPENDENT GROCER,235 GORE RD K7L-5H6 KINGSTON,KINGSTON,BINGO MULTIP,31-3080,20000.0
CIRCLE K #1739,33 HUNTER ST E K9H-1G4 PETERBOROUGH,PETERBOROUGH,Poker Lotto All In,15-Mar-2023,19992.9
BURK'S SHELL,465 SABLE RD P0P-1P0 MASSEY,MASSEY,Poker Lotto All In,16-Mar-2023,19462.2
MEL ROSA VARIETY,140 LA ROSE AVE M9P-1B2 ETOBICOKE,ETOBICOKE,Poker Lotto All In,16-Mar-2023,18430.6
PETRO CANADA,39 MAIN ST E L0G-1A0 BEETON,BEETON,Poker Lotto All In,08-Mar-2023,18189.1
FRIEND'S CONVENIENCE,2400 GUELPH LINE L7P-4M7 BURLINGTON,BURLINGTON,Poker Lotto All In,20-Mar-2023,18150.3
CIRCLE K #52 - 9TH AVE E,1596 9TH AVE E N4K-3G3 OWEN SOUND,SOUND,Poker Lotto All In,21-Mar-2023,18034.2
SHELL SELECT,204 GROVE ST E L4M-2P9 BARRIE,BARRIE,Lotto 649,12-Aug-2023,17961.3
COTTAM GAS & VARIETY,100 COUNTY RD 34 N0R-1B0 COTTAM,COTTAM,Poker Lotto All In,17-Mar-2023,17930.5
WENQING ZHENG VARIETY STORE,24164 WOODBINE AVE L4P-3C9 KESWICK,KESWICK,Poker Lotto All In,07-Mar-2023,17690.7
BRADFORD #1 SMOKE &  VARIETY,189 HOLLAND ST L3Z-1X8 BRADFORD,BRADFORD,Poker Lotto All In,02-Mar-2023,17360.9
ESSO/CIRCLE K #52669,1149 MORNINGSIDE AVE M1B-5J3 SCARBOROUGH,SCARBOROUGH,Poker Lotto All In,26-Jul-2023,17079.6
SUMON CONVENIENCE STORE,2950 KENNEDY RD M1V-1T1 SCARBOROUGH,SCARBOROUGH,Poker Lotto All In,16-Apr-2023,16805.9
KENDALWOOD SMOKERS CORNER,1801 DUNDAS ST E L1N-7C5 WHITBY,WHITBY,Poker Lotto All In,08-Mar-2023,16776.4
RONA TUCK SHOP,11 ARLETA AVE M3L-2E3 NORTH YORK,YORK,Poker Lotto All In,17-Apr-2023,16623.4
SHELL PORT HOPE,156 TORONTO RD L1A-3S5 PORT HOPE,HOPE,Poker Lotto All In,03-Mar-2023,16528.8
GIANT TIGER #14 CARLETON PLACE,320 COLEMAN ST K7C-0B5 CARLETON PLACE,PLACE,Poker Lotto All In,17-Mar-2023,16454.7
SDM #992 - SUNRISE CENTRE,1400 OTTAWA ST S N2E-4E2 KITCHENER,KITCHENER,Poker Lotto All In,02-Mar-2023,16434.3
BIG BEE CONVENIENCE,66 MALL RD L8V-5B9 HAMILTON,HAMILTON,Poker Lotto All In,21-Mar-2023,16355.0
CNIB WM - MIDLAND,16845 HWY 12 L4R-4K3 MIDLAND,MIDLAND,Lotto 649,16-Aug-2023,16331.5
SOBEYS #715 ALGONQUIN,1899 ALGONQUIN AVE P1B-4Y8 NORTH BAY,BAY,Poker Lotto All In,11-Mar-2023,16265.0
IDA STANBURY PHARMACY,1032 PAPE AVE M4K-3W2 EAST YORK,YORK,Poker Lotto All In,26-Jul-2023,15887.5
ON THE GO CONVENIENCE,15 LOCKPORT WAY L8E-0H8 STONEY CREEK,CREEK,Poker Lotto All In,09-Mar-2023,15857.0
RCS #562 - CHATHAM,791 ST. CLAIR ST N7M-5J7 CHATHAM,CHATHAM,Poker Lotto All In,17-Mar-2023,15246.2
KENDAL VARIETY,3 MILL ST L0A-1E0 KENDAL,KENDAL,Poker Lotto All In,11-Mar-2023,15199.5
BECKER'S,112 GARAFRAXA ST N0G-1R0 DURHAM,DURHAM,Poker Lotto All In,01-May-2023,15001.7
AGA VARIETY,2090 DANFORTH AVE M4C-1J9 TORONTO,TORONTO,Pick 4,27-Jun-2023,15000.0
ARNIE'S SMOKE SHOP,6677 MEADOWVALE TOWN CENT L5N-2R5 MISSISSAUGA,MISSISSAUGA,Pick 4,10-Mar-2023,15000.0
AVONDALE GREENHILL,399 GREENHILL AVE L8K-6N5 HAMILTON,HAMILTON,Pick 4,08-Mar-2023,15000.0
BRISTOL MARKET,512 BRISTOL RD W L5R-3Z1 MISSISSAUGA,MISSISSAUGA,Pick 4,15-Mar-2023,15000.0
CIRCLE K #1019 - TAPSCOTT,31 TAPSCOTT RD M1B-4Y7 SCARBOROUGH,SCARBOROUGH,Pick 4,13-Jun-2023,15000.0
CIRCLE K #1280 - GREENBANK,299 GREENBANK RD K2H-8K9 NEPEAN,NEPEAN,Pick 4,13-Apr-2023,15000.0
CIRCLE K #60249 - EGLINTON,2900 EGLINTON AVE E M1J-2E4 SCARBOROUGH,SCARBOROUGH,Pick 4,10-Apr-2023,15000.0
COLBORNE ESSO AND CONVENIENCE,109 KING ST E K0K-1S0 COLBORNE,COLBORNE,Pick 4,04-Jul-2023,15000.0
CORNER DISCOUNT,1333A DUNDAS ST W M6J-1X8 TORONTO,TORONTO,Pick 4,09-May-2023,15000.0
FINCH MAIN CONVENIENCE,2437 FINCH AVE W M9M-2E7 NORTH YORK,YORK,Pick 4,14-Apr-2023,15000.0
GLO-HAR CONVENIENCE STORE,1888 KENNEDY RD M1P-2L8 SCARBOROUGH,SCARBOROUGH,Pick 4,01-Jun-2023,15000.0
GORMANVILLE GROCERY,504 GORMANVILLE RD P1B-4V5 NORTH BAY,BAY,BINGO MULTIP,31-3080,15000.0
JF VARIETY,1911 FINCH AVE W M3N-2V2 NORTH YORK,YORK,Pick 4,29-Apr-2023,15000.0
KILBRIDE COUNTRY STORE,2090 KILBRIDE ST L7P-0J1 BURLINGTON,BURLINGTON,Pick 4,06-Mar-2023,15000.0
KITCHEN FOOD FAIR,45 OVERLEA BLVD M4H-1C3 TORONTO,TORONTO,Pick 4,23-Apr-2023,15000.0
LUCKY LOTTERY CENTER,5085 SHEPPARD AVE E M1S-4N8 SCARBOROUGH,SCARBOROUGH,Pick 4,17-Apr-2023,15000.0
PETRO CAN SHEPPARD,3905 SHEPPARD AVE E M1T-3L5 SCARBOROUGH,SCARBOROUGH,Pick 4,10-Jul-2023,15000.0
PETRO CANADA,925 SIMCOE ST N L1G-4W3 OSHAWA,OSHAWA,Pick 4,25-May-2023,15000.0
SDM #857 - KIPLING CENTRE,123 REXDALE BLVD M9W-1P1 ETOBICOKE,ETOBICOKE,Pick 4,04-Jul-2023,15000.0
SHELL,1805 VICTORIA PARK AVE M1R-1T3 SCARBOROUGH,SCARBOROUGH,Pick 4,14-Jul-2023,15000.0
SHELL SELECT,1501 WELLINGTON ST E L4G-7B8 AURORA,AURORA,Pick 4,07-May-2023,15000.0
SHELL SELECT,408 HWY 7  E L4B-1A7 RICHMOND HILL,HILL,Pick 4,10-Apr-2023,15000.0
WEG - WOODBINE RACETRACK,555 REXDALE BLVD M9W-5L2 ETOBICOKE,ETOBICOKE,Pick 4,11-Mar-2023,15000.0
WESTON DEPARTMENT STORE,1925 WESTON RD M9N-1W7 YORK,YORK,Pick 4,19-May-2023,15000.0
SDM #777 - ROCKWOOD MALL,4141 DIXIE RD L4W-1V5 MISSISSAUGA,MISSISSAUGA,Poker Lotto All In,21-Mar-2023,14947.4
GIANT TIGER #231 BRAMPTON,499 MAIN ST S L6Y-1N7 BRAMPTON,BRAMPTON,Poker Lotto All In,03-Mar-2023,14910.7
GOLDIE'S VARIETY,679 MOHAWK RD E L8V-2K6 HAMILTON,HAMILTON,Poker Lotto All In,26-Jul-2023,14634.8
BRISTOL MARKET,512 BRISTOL RD W L5R-3Z1 MISSISSAUGA,MISSISSAUGA,Poker Lotto All In,25-Aug-2023,13999.4
ESSO/CIRCLE K# 52388,2471 BARTON ST E L8E-2X1 HAMILTON,HAMILTON,Poker Lotto All In,02-May-2023,13877.9
SDM #1466 - CHINGUACOUSY & CHAROLAIS,520 CHAROLAIS BLVD L6Y-0R5 BRAMPTON,BRAMPTON,Poker Lotto All In,03-Mar-2023,13723.1
FOOD BASICS #893 - DUNNVILLE,107 BRIDGE ST N1A-2G9 DUNNVILLE,DUNNVILLE,Poker Lotto All In,26-Jul-2023,13565.8
HASTY SHEPPARD E,2926 SHEPPARD AVE E M1T-3J4 SCARBOROUGH,SCARBOROUGH,Poker Lotto All In,02-May-2023,12980.5
CANADIAN  TIRE GAS+,965 PEMBROKE ST E K8A-3M3 PEMBROKE,PEMBROKE,Poker Lotto All In,27-Jul-2023,12609.2
ESSO/CIRCLE K# 52511,236 GLENDALE AVE L2T-2L2 ST CATHARINES,CATHARINES,Poker Lotto All In,28-Jun-2023,11984.5
ESSO/CONVENIENCE STORE,17844 LESLIE ST L3Y-3E5 NEWMARKET,NEWMARKET,Lotto Max,09-May-2023,11833.6
CIRCLE K# 65031,615 CAMPBELL ST N0G-2H0 LUCKNOW,LUCKNOW,Poker Lotto All In,27-Jun-2023,11702.4
THICKSON HUSKY,1600 ROSSLAND RD E L1N-5R5 WHITBY,WHITBY,Poker Lotto All In,09-Apr-2023,11257.3
CTIRE GAS BAR,77 MAPLEVIEW DR W L4N-9H7 BARRIE,BARRIE,Poker Lotto All In,10-Apr-2023,11129.7
STEWART'S GENERAL STORE,25 MAIN ST P0P-2G0 WEBBWOOD,WEBBWOOD,Poker Lotto All In,25-Jun-2023,11122.9
ESSO GAS STATION,124 TILLSON AVE N4G-3A5 TILLSONBURG,TILLSONBURG,Poker Lotto All In,20-Jul-2023,11082.7
PRESTON FOOD MART,71 PRESTON ST K1R-7N8 OTTAWA,OTTAWA,Poker Lotto All In,12-Apr-2023,11022.6
AVONDALE KILLALY EAST,189 KILLALY ST E L3K-1N7 PORT COLBORNE,COLBORNE,Poker Lotto All In,24-Jun-2023,11012.0
CIRCLE K #45 - 10TH STREET E,280 10TH ST E N4K-1S5 OWEN SOUND,SOUND,Poker Lotto All In,25-Jun-2023,10913.3
WRAY'S PHARMACY,33 VICTORIA ST W L9R-1S9 ALLISTON,ALLISTON,Poker Lotto All In,22-Aug-2023,10770.7
MAC'S LISTOWEL,275 WALLACE AVE N N4W-1L1 LISTOWEL,LISTOWEL,Poker Lotto All In,07-Apr-2023,10613.1
HIGHBURY MINI MART,1141 HIGHBURY AVE N5Y-1A5 LONDON,LONDON,Poker Lotto All In,11-Apr-2023,10596.0
REXALL #1909 -  AMHERSTBURG,71 SANDWICH ST S N9V-1Z5 AMHERSTBURG,AMHERSTBURG,Poker Lotto All In,16-Jul-2023,10505.1
PETTIGREWS GARAGE,7 ALBERT ST N0J-1S0 PLATTSVILLE,PLATTSVILLE,Poker Lotto All In,17-Jul-2023,10469.9
CNIB WM - ANCASTER,1051 GARNER RD W L9G-3K9 ANCASTER,ANCASTER,Poker Lotto All In,08-Apr-2023,10301.8
GLOUCESTER INFO KIOSK,1980 OGILVIE RD K1J-9L3 GLOUCESTER,GLOUCESTER,Poker Lotto All In,19-Jul-2023,10299.3
#300 FORTINOS (EASTGATE 2012),75 CENTENNIAL PKY N L8E-2P2 HAMILTON,HAMILTON,Lottario,18-Mar-2023,10000.0
7-ELEVEN OTTAWA,925 OTTAWA ST N8X-2E2 WINDSOR,WINDSOR,Lottario,01-Jul-2023,10000.0
A & H CONVENIENCE STORE,70 PLUNKETT RD M9L-2J5 NORTH YORK,YORK,Daily Keno,12-Apr-2023,10000.0
ALBION KITCHEN FOOD FAIR #196,6210 FINCH AVE W M9V-0A1 ETOBICOKE,ETOBICOKE,Pick 4,27-Jun-2023,10000.0
ALICE AND EMILY COMPANY,654 MACKAY ST K8A-1G4 PEMBROKE,PEMBROKE,Daily Keno,07-Aug-2023,10000.0
ALLISTON HUSKY,514 VICTORIA ST E L9R-1K1 ALLISTON,ALLISTON,Daily Keno,12-Aug-2023,10000.0
AMHERST PHARMASAVE,3485 KINGSTON RD M1M-1R4 SCARBOROUGH,SCARBOROUGH,Encore - 649,15-Mar-2023,10000.0
ANDERSON JUG CITY,728 ANDERSON ST L1N-3V6 WHITBY,WHITBY,Daily Keno,10-Aug-2023,10000.0
AU COIN VARIETY,31 PRINCIPAL ST P0H-2M0 VERNER,VERNER,Lotto 649,01-Jul-2023,10000.0
AVONDALE FONTHILL,1390 HAIST ST L0S-1E0 FONTHILL,FONTHILL,Lottario,01-Jul-2023,10000.0
AVONDALE HWY 8/GATESHEAD,184 8 HWY L8G-1C3 STONEY CREEK,CREEK,Lotto 649,15-Jul-2023,10000.0
AVONDALE VILLAGE GREEN,1501 HWY 55 L0S-1T0 VIRGIL,VIRGIL,Encore - 649,12-Apr-2023,10000.0
AXESS GIFT & CONVENIENCE,2727 JANE ST M3L-1S3 NORTH YORK,YORK,Lotto 649,15-Jul-2023,10000.0
B-TRUST SUPERMARKET,1177 CENTRAL PKY W L5C-4P3 MISSISSAUGA,MISSISSAUGA,Pick 4,22-Aug-2023,10000.0
BALLINAFAD FARM MARKET,14303 TRAFALGER RD N0B-1H0 BALLINAFAD,BALLINAFAD,Encore - Lotto Max,25-Apr-2023,10000.0
BARTLEY SMOKE +,1 BARTLEY BULL PKY L6W-3T7 BRAMPTON,BRAMPTON,Encore - Lotto Max,14-Jul-2023,10000.0
BEAR CREEK GAS BAR,310 MELBOURNE RD N0L-1T0 MELBOURNE,MELBOURNE,Lotto 649,15-Jul-2023,10000.0
BESTWAY CONVENIENCE,110 RITCHIE AVE L1S-7G5 AJAX,AJAX,CASH IN,31-2367,10000.0
BESTWAY CONVENIENCE,110 RITCHIE AVE L1S-7G5 AJAX,AJAX,Pick 4,02-Mar-2023,10000.0
BIG BEAR FOOD MART,159 HIGHLAND RD E N2M-3W1 KITCHENER,KITCHENER,Lottario,01-Apr-2023,10000.0
BIRCHAVEN VARIETY,163 SAGE RD P1A-3A5 NORTH BAY,BAY,Encore - Lotto Max,06-Jun-2023,10000.0
BLUE WATER BRIDGE DUTY FREE SHOP,2 BRIDGE ST N7V-4J5 POINT EDWARD,EDWARD,Lottario,10-Jun-2023,10000.0
BOB'S VARIETY,3364 KEELE ST M3J-1L5 NORTH YORK,YORK,Daily Keno,21-Mar-2023,10000.0
BUSY BEE VARIETY,100 PLAINS RD W L7T-0A5 BURLINGTON,BURLINGTON,Encore - Lotto Max,30-May-2023,10000.0
BUSY BEE VARIETY,100 PLAINS RD W L7T-0A5 BURLINGTON,BURLINGTON,Lotto 649,01-Jul-2023,10000.0
CALEDON EAST FOODLAND,15771 AIRPORT RD L7C-1K2 CALEDON EAST,EAST,Lotto 649,01-Jul-2023,10000.0
CAMILLA HUSKY,155 NORTH SERVICE RD L5A-1A2 MISSISSAUGA,MISSISSAUGA,Pick 4,08-Jul-2023,10000.0
CANADIAN TIRE GAS BAR #1113,255 GARRISON RD L2A-1M9 FORT ERIE,ERIE,Encore - Lotto Max,11-Aug-2023,10000.0
CANADIAN TIRE GAS BAR KENORA,1201 HIGHWAY 17  E P9N-1L9 KENORA,KENORA,Encore - 649,05-Apr-2023,10000.0
CANADIAN TIRE GAS BAR PLUS #1059,95 YOUNG ST L9R-0E9 ALLISTON,ALLISTON,Encore - 649,08-Jul-2023,10000.0
CANADIAN TIRE GAS+,1176 HERON RD K1V-6B2 OTTAWA,OTTAWA,Pick 4,22-Jul-2023,10000.0
CAPSTONE MARKET,2 CAPSTONE LANE P1H-0A2 HUNTSVILLE,HUNTSVILLE,Daily Keno,11-Apr-2023,10000.0
CENTRAL SHELL,3579 TECUMSEH RD E N8W-1H5 WINDSOR,WINDSOR,Encore - Lotto Max,13-Jun-2023,10000.0
CHOICES PLUS,1100 PEMBROKE ST E K8A-6Y7 PEMBROKE,PEMBROKE,Lottario,04-Mar-2023,10000.0
CHURCHILL'S CIGAR AND GIFT,5000 HIGHWAY 7 L3R-4M9 MARKHAM,MARKHAM,Encore - 649,01-Jul-2023,10000.0
CIRCLE K # 65050 MARKDALE,50 TORONTO ST N N0C-1H0 MARKDALE,MARKDALE,Encore - Lotto Max,02-May-2023,10000.0
CIRCLE K #10- ATHERLEY,317 ATHERLEY RD L3V-1N8 ORILLIA,ORILLIA,BONUS MONEY,31-2355,10000.0
CIRCLE K #116 - GEORGE,135 GEORGE ST N K9J-3G6 PETERBOROUGH,PETERBOROUGH,Encore - 649,03-Jun-2023,10000.0
CIRCLE K #1288,40 PIONEER DR N2P-2A4 KITCHENER,KITCHENER,BINGO MULTIP,31-3080,10000.0
CIRCLE K #1339,62 STONEHAVEN DR K2M-2Y2 KANATA,KANATA,Encore - Lotto Max,11-Aug-2023,10000.0
CIRCLE K #1339,62 STONEHAVEN DR K2M-2Y2 KANATA,KANATA,Lotto 649,29-Jul-2023,10000.0
CIRCLE K #1342 - MIDHURST,1179 BAYFIELD ST N L9X-0N5 MIDHURST,MIDHURST,Encore - 649,26-Jul-2023,10000.0
CIRCLE K #1739,33 HUNTER ST E K9H-1G4 PETERBOROUGH,PETERBOROUGH,POWER UP,31-2368,10000.0
CIRCLE K #367 - ELGIN,160 ELGIN ST K2P-2C4 OTTAWA,OTTAWA,Daily Keno,10-Apr-2023,10000.0
CIRCLE K #60309 - ISLINGTON,2428 ISLINGTON AVE M9W-3X8 ETOBICOKE,ETOBICOKE,Pick 4,13-Mar-2023,10000.0
CIRCLE K #61026 - WESTNEY ROAD,955 WESTNEY RD S L1S-3K7 AJAX,AJAX,Encore - 649,27-May-2023,10000.0
CIRCLE K #61026 - WESTNEY ROAD,955 WESTNEY RD S L1S-3K7 AJAX,AJAX,Lottario,01-Jul-2023,10000.0
CIRCLE K #63015 - KESWICK,522 THE QUEENSWAY  S L4P-2E6 KESWICK,KESWICK,Encore - Lotto Max,16-May-2023,10000.0
CIRCLE K #65049 - ALLISTON,33 YOUNG ST L9R-1B5 ALLISTON,ALLISTON,Lotto 649,22-Jul-2023,10000.0
CIRCLE K #65072,108 DAWSON RD L9W-2W6 ORANGEVILLE,ORANGEVILLE,Lotto 649,01-Jul-2023,10000.0
CIRCLE K #66087 - ROSSLAND E,555 ROSSLAND RD E L1K-1K8 OSHAWA,OSHAWA,Daily Keno,27-Apr-2023,10000.0
CIRCLE K #66087 - ROSSLAND E,555 ROSSLAND RD E L1K-1K8 OSHAWA,OSHAWA,Lottario,04-Mar-2023,10000.0
CIRCLE K #66123 - BLOOR,2244 BLOOR ST W M6S-1N6 TORONTO,TORONTO,Lotto 649,29-Jul-2023,10000.0
CIRCLE K STORE #1800 - PORT ELGIN,176 GODERICH ST N0H-2C3 PORT ELGIN,ELGIN,CASH IN,31-2367,10000.0
CNIB - CARLINGWOOD MALL,2121 CARLING AVE K2A-1H2 OTTAWA,OTTAWA,THE BIG SPIN,31-3108,10000.0
CNIB WM - CAMBRIDGE,22 PINEBUSH RD N1R-8K5 CAMBRIDGE,CAMBRIDGE,Lottario,15-Jul-2023,10000.0
CNIB WM - MILTON,1280 STEELES AVE E L9T-6R1 MILTON,MILTON,Encore - Lotto Max,23-May-2023,10000.0
CNIB WM - ORILLIA,175 MURPHY RD L3V-0B5 ORILLIA,ORILLIA,Lottario,04-Mar-2023,10000.0
CNIB WM KANATA,5357 FERNBANK RD K2S-1B6 STITTSVILLE,STITTSVILLE,Encore - Lotto Max,26-May-2023,10000.0
CNIB WM-CENTENNIAL PKWY,510 CENTENNIAL PKY N L8E-0G2 HAMILTON,HAMILTON,Encore - Lotto Max,02-Jun-2023,10000.0
COLLEGE VARIETY PLUS,830 COLLEGE ST M6G-1C8 TORONTO,TORONTO,Encore - 649,29-Mar-2023,10000.0
COMMISSO BAKERY,8 KINCORT ST M6M-3E1 YORK,YORK,Lottario,08-Apr-2023,10000.0
COMPLETE MART,1200 YORK MILLS RD M3A-1X8 NORTH YORK,YORK,Encore - 649,01-Mar-2023,10000.0
CORNER MARKET,1015 DUNDAS ST N5W-3A4 LONDON,LONDON,Lottario,13-May-2023,10000.0
D.M. KITCHEN FOOD FAIR #112,2890 STEELES AVE E L3T-4X1 THORNHILL,THORNHILL,CROSS DELUXE,31-3351,10000.0
DAISY MART,1420 ERNEST AVE N6E-2H8 LONDON,LONDON,Daily Keno,10-Apr-2023,10000.0
DAISY MART,20962 DALTON RD L0E-1R0 SUTTON WEST,WEST,Encore - 649,12-Jul-2023,10000.0
DAISY MART,258 MILL ST N4S-2X4 WOODSTOCK,WOODSTOCK,Encore - 649,08-Mar-2023,10000.0
DAISY MART,272 DUNDAS ST E M5A-1Z9 TORONTO,TORONTO,Encore - 649,14-Jun-2023,10000.0
DAISY MART,512 KINGSTON RD L1V-1A6 PICKERING,PICKERING,Encore - Lottario,03-Jun-2023,10000.0
DAISY MART #81713,1084 REST ACRES RD N3L-0B5 PARIS,PARIS,Encore - 649,15-Apr-2023,10000.0
DAISY MART #85033,23 MAIN L9M-1S6 PENETANGUISHENE,PENETANGUISHENE,Lottario,08-Apr-2023,10000.0
DOG STAR SERVICES,418 MOYNEUR RD P0K-1M0 MATACHEWAN,MATACHEWAN,Lottario,22-Apr-2023,10000.0
DOLLAR POWER PLUS,640 EGLINTON AVE W L5R-3V2 MISSISSAUGA,MISSISSAUGA,Encore - Lotto Max,20-Jun-2023,10000.0
DOLLARCADE,3413 FIELDGATE DR L4X-2J4 MISSISSAUGA,MISSISSAUGA,Encore - Lotto Max,04-Apr-2023,10000.0
DOVERCLIFFE SHOPPERS MART,50 DOVERCLIFFE RD N1G-3A6 GUELPH,GUELPH,Lotto 649,01-Jul-2023,10000.0
DRAGON SUPERMARKET,1367 DANFORTH AVE M4J-1N1 TORONTO,TORONTO,Daily Keno,03-Jul-2023,10000.0
DUFFERIN HUSKY,3660 DUFFERIN ST M3K-1N8 NORTH YORK,YORK,Pick 4,22-Jul-2023,10000.0
EASTGATE TUCK SHOP,45 BARLAKE AVE L8E-3R6 HAMILTON,HAMILTON,PLINKO,31-2280,10000.0
EASTVIEW PHARMACY,573 KING ST E L1H-1G3 OSHAWA,OSHAWA,Pick 4,14-Apr-2023,10000.0
ELMVALE PHARMASAVE,70 YONGE ST S L0L-1P0 ELMVALE,ELMVALE,Encore - 649,22-Apr-2023,10000.0
ERIN ESSO,61 MAIN ST N0B-1T0 ERIN,ERIN,Encore - 649,10-Jun-2023,10000.0
ERSKINE TUCK SHOP,140 ERSKINE AVE M4P-1Z2 TORONTO,TORONTO,Pick 4,27-May-2023,10000.0
ESSO GAS STATION / EXPRESS MART,12891 YONGE ST L4E-3M7 RICHMOND HILL,HILL,Lottario,20-May-2023,10000.0
ESSO SNACK EXPRESS,161 HWY 17 E P0M-3C0 WAHNAPITAE,WAHNAPITAE,Lottario,13-May-2023,10000.0
ESSO/CIRCLE K #52423,632 BURNHAMTHORPE RD W L5B-2C4 MISSISSAUGA,MISSISSAUGA,Encore - 649,18-Mar-2023,10000.0
ESSO/CIRCLE K #52493,1903 DUNDAS ST E L1N-2L5 WHITBY,WHITBY,Daily Keno,19-Apr-2023,10000.0
ESSO/CIRCLE K #52505,2 BRYNE DR L4N-9Y4 BARRIE,BARRIE,THE BIG SPIN,31-3108,10000.0
ESSO/CIRCLE K #52668,3600 SHEPPARD AVE E M1T-3K7 SCARBOROUGH,SCARBOROUGH,Daily Keno,28-May-2023,10000.0
ESSO/CIRCLE K# 52272,140 KENNEDY RD N L6V-2N4 BRAMPTON,BRAMPTON,Daily Keno,21-Jul-2023,10000.0
ESSO/CIRCLE K# 52280,280 SCARLETT RD M9A-4S4 ETOBICOKE,ETOBICOKE,Encore - Lotto Max,21-Mar-2023,10000.0
ESSO/CIRCLE K# 52408,2485 BLOOR ST W M6S-1P7 TORONTO,TORONTO,Lotto 649,01-Jul-2023,10000.0
ESSO/CIRCLE K# 52501,1615 ELLESMERE RD M1P-2Y3 SCARBOROUGH,SCARBOROUGH,Daily Keno,04-Apr-2023,10000.0
ESSO/CIRCLE K# 52544,1185 DIVISION ST K7K-5W3 KINGSTON,KINGSTON,Lottario,18-Mar-2023,10000.0
ESSO/CIRCLE K# 52592,6015 LESLIE ST M2H-1J8 NORTH YORK,YORK,Pick 4,01-Apr-2023,10000.0
ESSO/CIRCLE K# 52611,1150 MARKHAM RD M1H-2Y6 SCARBOROUGH,SCARBOROUGH,Lottario,08-Jul-2023,10000.0
ESSO/CIRCLE K# 52723,1970 WALKLEY RD K1H-1W1 OTTAWA,OTTAWA,Daily Keno,23-Jun-2023,10000.0
ESSO/CIRCLE K#52526,3764 HWY 7  W L4L-1A6 WOODBRIDGE,WOODBRIDGE,Lottario,01-Jul-2023,10000.0
ESSO/CIRCLE K#52708,562 TRAFALGAR RD L6J-3J2 OAKVILLE,OAKVILLE,Encore - 649,21-Jun-2023,10000.0
ESSO/CONVENIENCE STORE,6960 WYANDOTTE ST E N8S-1P9 WINDSOR,WINDSOR,Lottario,19-Aug-2023,10000.0
FLYING J #860,1637 PETTIT RD L2A-5M4 FORT ERIE,ERIE,Encore - Daily Grand,08-Jun-2023,10000.0
FOOD BASICS #844 - LEAMINGTON,288 ERIE ST S N8H-3C5 LEAMINGTON,LEAMINGTON,Encore - 649,13-May-2023,10000.0
FOOD BASICS #921 - BROCKVILLE,3049 JEFFERSON DR K6V-6N7 BROCKVILLE,BROCKVILLE,Lotto 649,01-Jul-2023,10000.0
FOREST GLEN DELI & APPETIZER,3409 FIELDGATE DR L4X-2J4 MISSISSAUGA,MISSISSAUGA,Daily Keno,28-Jul-2023,10000.0
FORTINOS,330 QUEEN'S PLATE DR M9W-7J7 ETOBICOKE,ETOBICOKE,Daily Keno,22-Apr-2023,10000.0
FREE FLOW PETROLEUM,22153 LOYALIST PKY K0K-1L0 CARRYING PLACE,PLACE,Encore - Lottario,11-Mar-2023,10000.0
GATEWAY LOTTO BOOTH,35 BLOOR ST E M4W-1A9 TORONTO,TORONTO,Pick 4,14-Mar-2023,10000.0
GATEWAY LOTTO CENTRE,31 TAPSCOTT RD M1B-4Y7 SCARBOROUGH,SCARBOROUGH,Lotto 649,29-Jul-2023,10000.0
GATEWAY NEWSTANDS,6464 YONGE ST M2M-3X4 NORTH YORK,YORK,Daily Keno,05-Apr-2023,10000.0
GATEWAY NEWSTANDS #155,25 PEEL CENTRE DR L6T-3R5 BRAMPTON,BRAMPTON,Encore - Lottario,01-Apr-2023,10000.0
GATEWAY NEWSTANDS #367,1 YORK GATE BLVD M3N-3A1 NORTH YORK,YORK,Encore - Lotto Max,21-Mar-2023,10000.0
GEORGE'S CONVENIENCE,1470 CENTRE ST L4J-3N1 THORNHILL,THORNHILL,Pick 4,01-Jun-2023,10000.0
GEORGE'S CONVENIENCE,8565 HIGHWAY 27 L4H-4Y1 WOODBRIDGE,WOODBRIDGE,BONUS MONEY,31-2355,10000.0
GEORGES CONVENIENCE,9960 MCVEAN DR L6P-2S5 BRAMPTON,BRAMPTON,Pick 4,26-May-2023,10000.0
GIANT TIGER #211 HANOVER,880 10TH ST N4N-1S3 HANOVER,HANOVER,Encore - Lotto Max,21-Jul-2023,10000.0
GIANT TIGER #243 BRAMPTON,9065 AIRPORT RD L6S-0B8 BRAMPTON,BRAMPTON,Encore - 649,15-Mar-2023,10000.0
GLO HAR VARIETY,4455 SHEPPARD AVE E M1S-3G9 SCARBOROUGH,SCARBOROUGH,Daily Keno,21-Apr-2023,10000.0
GOOD LUCK VARIETY,241 DUNSDON ST N3R-7C3 BRANTFORD,BRANTFORD,TREASUREHUNT,31-2373,10000.0
GRAND BARGAIN JUNCTION GARDENS POSTAL OU,2938 DUNDAS ST W M6P-1Y8 TORONTO,TORONTO,Daily Keno,12-May-2023,10000.0
GREEN BLOCK TRADING POST,1 WATER L9M-1V5 PENETANGUISHENE,PENETANGUISHENE,Encore - Lotto Max,30-Jun-2023,10000.0
HASTY MARKET,11 WESTWOOD DR N2M-2K5 KITCHENER,KITCHENER,Encore - Lotto Max,16-May-2023,10000.0
HASTY MARKET,30 RAMBLER DR L6W-1E2 BRAMPTON,BRAMPTON,Lottario,22-Apr-2023,10000.0
HASTY MARKET # 69,1785 QUEEN ST E L6T-4S3 BRAMPTON,BRAMPTON,Daily Keno,08-Mar-2023,10000.0
HASTY MARKET # 69,1785 QUEEN ST E L6T-4S3 BRAMPTON,BRAMPTON,Daily Keno,19-Apr-2023,10000.0
HASTY MARKET # 8,3101 KINGSWAY DR N2C-2M5 KITCHENER,KITCHENER,Encore - Lotto Max,02-May-2023,10000.0
HAVANA TOBACCONIST,6380 FALLSVIEW BLVD L2G-7Y6 NIAGARA FALLS,FALLS,CROSSTRIPLER,31-3301,10000.0
HELLO CONVENIENCE,2 HENDERSON DR L4G-3L2 AURORA,AURORA,Pick 4,12-Apr-2023,10000.0
HELLO CONVENIENCE,2 HENDERSON DR L4G-3L2 AURORA,AURORA,Pick 4,23-Apr-2023,10000.0
HERITAGE CORNER,1500 HERITAGE WAY L6M-3H4 OAKVILLE,OAKVILLE,Pick 4,07-May-2023,10000.0
HIGHLAND FARMS,850 ELLESMERE RD M1P-2W5 SCARBOROUGH,SCARBOROUGH,CROSSTRIPLER,31-3301,10000.0
HIGHLANDS COUNTRY STORE,5639 MCDONALDS CORNERS RD K0G-1M0 MCDONALDS CORNE,CORNE,Encore - 649,01-Apr-2023,10000.0
HILLCREST GROCERY,108 WILLIAM ST P2A-1V7 PARRY SOUND,SOUND,Encore - 649,29-Jul-2023,10000.0
HILLTOP SHELL,26 MANITOUWANING RD P0P-1K0 LITTLE CURRENT,CURRENT,Encore - 649,06-May-2023,10000.0
IDA BOGGIO PHARMACY,200 CATHARINE ST L3K-4K8 PORT COLBORNE,COLBORNE,Encore - Lotto Max,21-Apr-2023,10000.0
IDA MILK AND VARIETY,2988 DUFFERIN ST M6B-3T3 NORTH YORK,YORK,Daily Keno,09-Jul-2023,10000.0
J & T ENTERPRISES (KIOSK #3),1349 LASALLE BLVD P3A-1Z2 SUDBURY,SUDBURY,Lotto 649,22-Jul-2023,10000.0
J STAR CONVENIENCE STORE,105 GUILDWOOD PKY M1E-1P1 SCARBOROUGH,SCARBOROUGH,Daily Keno,27-Mar-2023,10000.0
J&J PETROLEUM,98 DUNDAS ST E K8V-1K9 TRENTON,TRENTON,Lottario,27-May-2023,10000.0
JAY JALARAM INC.,499 MAIN ST S L6Y-1N7 BRAMPTON,BRAMPTON,Lottario,27-May-2023,10000.0
JAY MART,519 RAY LAWSON BLVD L6Y-0N2 BRAMPTON,BRAMPTON,Lotto 649,22-Jul-2023,10000.0
JEON SE GYE CANADA,65 RONCESVALLES AVE M6R-2K6 TORONTO,TORONTO,Encore - 649,29-Apr-2023,10000.0
JIFFY MINIMART,270 CHANCELLOR DR L4L-7M1 WOODBRIDGE,WOODBRIDGE,Pick 4,04-Apr-2023,10000.0
JOE'S CONVENIENCE STORE,10077 YONGE ST L4C-1T7 RICHMOND HILL,HILL,Lottario,01-Apr-2023,10000.0
KAMEL CONVENIENCE,3938 COTTRELLE BLVD L6P-2R1 BRAMPTON,BRAMPTON,Pick 4,07-Jun-2023,10000.0
KELLY'S FOOD MART,63 UNION ST K0K-2T0 PICTON,PICTON,Encore - 649,26-Jul-2023,10000.0
KEN'S VARIETY,10 VANIER DR N7L-4P6 CHATHAM,CHATHAM,Lotto 649,08-Jul-2023,10000.0
KFF CONVENIENCE,2375 BRIMLEY RD M1S-3L6 SCARBOROUGH,SCARBOROUGH,Pick 4,01-Jun-2023,10000.0
LITTLE SHORT STOP STORE #1020,501 KRUG ST N2B-1L3 KITCHENER,KITCHENER,Lottario,19-Aug-2023,10000.0
LITTLE SHORT STORE #3040,373 BRIDGE ST W N2K-3K3 WATERLOO,WATERLOO,Lottario,22-Apr-2023,10000.0
LITTLE SHORT STORE #4040,200 PRESTON PKY N3H-5N1 CAMBRIDGE,CAMBRIDGE,Lotto 649,01-Jul-2023,10000.0
LOBLAWS #1014 - VANIER MARKET,100 MCARTHUR AVE K1L-6P9 VANIER,VANIER,Lotto 649,29-Jul-2023,10000.0
LOBLAWS #1066 - BURNAMTHORPE MARKET,380 THE EAST MALL M9B-6L5 ETOBICOKE,ETOBICOKE,Lottario,10-Jun-2023,10000.0
LS #2809 - SCARBOROUGH,1755 BRIMLEY RD M1P-0A3 SCARBOROUGH,SCARBOROUGH,Encore - Lotto Max,06-Jun-2023,10000.0
LUCKY TICKETS,1226 ISLINGTON AVE M8X-1Y8 ETOBICOKE,ETOBICOKE,Pick 4,20-Apr-2023,10000.0
LUZON CONVENIENCE,284 COPPER CREEK DR L6B-1N7 MARKHAM,MARKHAM,Lottario,25-Mar-2023,10000.0
LYNN'S VARIETY INC,205 RICHMOND ST N9V-1G9 AMHERSTBURG,AMHERSTBURG,Lottario,24-Jun-2023,10000.0
M & D VARIETY,2700 KIPLING AVE M9V-4P2 ETOBICOKE,ETOBICOKE,Pick 4,05-Apr-2023,10000.0
M & M CONVENIENCE,116 MARKHAM RD M1M-2Z7 SCARBOROUGH,SCARBOROUGH,Pick 4,22-Jul-2023,10000.0
MAC'S LAUZON SOUTH,2675 LAUZON RD N8T-2Z5 WINDSOR,WINDSOR,Encore - Lottario,06-May-2023,10000.0
MACEWEN BARRIE,652 DUNLOP ST W L4N-9X1 BARRIE,BARRIE,Encore - Lotto Max,18-Jul-2023,10000.0
MACEWEN LUCAN (21018),33406 RICHMOND ST. N0M-2J0 LUCAN,LUCAN,Encore - Lotto Max,04-Jul-2023,10000.0
MARINAS EXPRESS MART,19659 LESLIE ST L0G-1V0 SHARON,SHARON,Pick 4,10-Apr-2023,10000.0
MARKET,6400 400 HWY S L9S-0K6 INNISFIL,INNISFIL,Lottario,15-Apr-2023,10000.0
MCDONOUGH'S YOUR INDEPENDENT GROCER,3777 STRANDHERD RD K2J-4B1 NEPEAN,NEPEAN,POWER UP,31-2368,10000.0
MEADOWVALE TICKET CENTRE,6677 MEADOWVALE TOWN CENT L5N-2R5 MISSISSAUGA,MISSISSAUGA,Lottario,06-May-2023,10000.0
METRO #170- GARDINERS T.C.,460 GARDINERS RD K7M-7W8 KINGSTON,KINGSTON,Encore - Lotto Max,17-Mar-2023,10000.0
METRO #702- CLOVERDALE MALL,250 THE EAST MALL M9B-3Y8 ETOBICOKE,ETOBICOKE,Lottario,18-Mar-2023,10000.0
METRO #853- PICKERING,1822 WHITE'S RD L1V-4M1 PICKERING,PICKERING,Encore - 649,27-May-2023,10000.0
MILK'S PLUS,3312 DANFORTH AVE M1L-1C4 SCARBOROUGH,SCARBOROUGH,Daily Keno,01-Mar-2023,10000.0
MISTER CONVENIENCE,102 ISLAND RD M1C-2P8 SCARBOROUGH,SCARBOROUGH,Lottario,04-Mar-2023,10000.0
MOBIL @ NO FRILLS,15 PHOTOGRAPHY DR M6M-0A1 NORTH YORK,YORK,Lottario,01-Apr-2023,10000.0
MOUNT FOREST CONVENIENCE,193 MAIN ST N N0G-2L0 MOUNT FOREST,FOREST,Lotto 649,08-Jul-2023,10000.0
MR. GAS,4042 INNES RD K1C-1T1 ORLEANS,ORLEANS,Lottario,04-Mar-2023,10000.0
NECESSITIES,10A COUCHIE INDUSTRIAL RD P1B-8G5 NORTH BAY,BAY,BINGO MULTIP,31-3080,10000.0
NEIGHBOUR'S FINE FOODS&FLOWERS&BALLOONS,4917 DUNDAS ST W M9A-1B6 ETOBICOKE,ETOBICOKE,Pick 4,25-Jun-2023,10000.0
NETHERBY VARIETY,7600 DURLIAT RD L3B-5N7 WELLAND,WELLAND,Encore - 649,03-May-2023,10000.0
NEW GEN SUPERSTORE,4855 14TH AVE L3S-3L6 MARKHAM,MARKHAM,Encore - 649,17-May-2023,10000.0
NEW ROSEDALE MINI MART,784 ROSEDALE AVE N7V-2A1 SARNIA,SARNIA,Daily Keno,14-Aug-2023,10000.0
NEWMARKET SMOKE SHOP,16635 YONGE ST L3X-1W3 NEWMARKET,NEWMARKET,BONUS MONEY,31-2355,10000.0
NEWS WEST,3603 LANGSTAFF RD L4L-9G7 WOODBRIDGE,WOODBRIDGE,Lottario,22-Jul-2023,10000.0
NICKEL GATE CONVENIENCE,1 NICKEL GATE L4L-8L7 WOODBRIDGE,WOODBRIDGE,Daily Keno,01-Mar-2023,10000.0
NORTHVIEW KFF CONVENIENCE,4949 BATHURST ST M2R-1Y1 NORTH YORK,YORK,Lottario,13-May-2023,10000.0
OAKVILLE HUSKY,630 4TH LINE L6L-5B2 OAKVILLE,OAKVILLE,Daily Keno,06-Aug-2023,10000.0
ONE STOP VARIETY,501 RITSON RD S L1H-5K3 OSHAWA,OSHAWA,Encore - Lotto Max,30-Jun-2023,10000.0
PARI'S MOUNT PLEASANT CONVENIENCE,60 COMMUTER DR L7A-0R3 BRAMPTON,BRAMPTON,Lotto 649,15-Jul-2023,10000.0
PARKWAY GROCERY,1469 PRINCESS ST K7M-3E9 KINGSTON,KINGSTON,Encore - Lottario,18-Mar-2023,10000.0
PETRO CANADA,10115 BRAMALEA RD L6R-1W6 BRAMPTON,BRAMPTON,Encore - 649,22-Mar-2023,10000.0
PETRO CANADA,10561 HEART LAKE RD L6Z-0B6 BRAMPTON,BRAMPTON,Encore - 649,15-Mar-2023,10000.0
PETRO CANADA,1195 COUNTY 22 RD N0R-1C0 EMERYVILLE,EMERYVILLE,Lottario,01-Apr-2023,10000.0
PETRO CANADA,12011 HURONTARIO ST L6Z-4P8 BRAMPTON,BRAMPTON,Daily Keno,09-May-2023,10000.0
PETRO CANADA,1270 BRIMLEY RD M1P-3G6 SCARBOROUGH,SCARBOROUGH,Daily Keno,06-Apr-2023,10000.0
PETRO CANADA,1331 DUNDAS ST N5W-5P3 LONDON,LONDON,THE BIG SPIN,31-3108,10000.0
PETRO CANADA,1487 CENTRE ST L4J-3M7 THORNHILL,THORNHILL,Daily Keno,10-Apr-2023,10000.0
PETRO CANADA,1487 CENTRE ST L4J-3M7 THORNHILL,THORNHILL,Daily Keno,13-Aug-2023,10000.0
PETRO CANADA,1602 DUNDAS ST E L1N-2K8 WHITBY,WHITBY,Encore - Lotto Max,30-Jun-2023,10000.0
PETRO CANADA,1790 ERNEST AVE N6E-3A6 LONDON,LONDON,RUN THETABLE,31-2377,10000.0
PETRO CANADA,2250 VICTORIA PARK AVE M1R-1V9 NORTH YORK,YORK,Encore - Lotto Max,31-Mar-2023,10000.0
PETRO CANADA,2265 DANFORTH AVE M4C-1K5 TORONTO,TORONTO,Pick 4,04-Apr-2023,10000.0
PETRO CANADA,2329 STOUFFVILLE RD L0H-1G0 GORMLEY,GORMLEY,Encore - Lotto Max,26-May-2023,10000.0
PETRO CANADA,274 STEELES AVE E L3T-1A7 THORNHILL,THORNHILL,Pick 4,22-Jul-2023,10000.0
PETRO CANADA,2863 DUFFERIN ST M6B-3S5 NORTH YORK,YORK,Daily Keno,21-Mar-2023,10000.0
PETRO CANADA,2863 DUFFERIN ST M6B-3S5 NORTH YORK,YORK,Encore - 649,29-Jul-2023,10000.0
PETRO CANADA,3390 HWY 144 P0M-1L0 CHELMSFORD,CHELMSFORD,Pick 4,20-Jun-2023,10000.0
PETRO CANADA,471 MAIN ST S L6Y-1N6 BRAMPTON,BRAMPTON,Daily Keno,02-Aug-2023,10000.0
PETRO CANADA,471 MAIN ST S L6Y-1N6 BRAMPTON,BRAMPTON,Daily Keno,21-Mar-2023,10000.0
PETRO CANADA,471 MAIN ST S L6Y-1N6 BRAMPTON,BRAMPTON,Daily Keno,25-May-2023,10000.0
PETRO CANADA,690 HUNT CLUB RD K1V-1C3 OTTAWA,OTTAWA,Pick 4,25-Jun-2023,10000.0
PETRO CANADA,730 GLEN FORREST BLVD N2L-4K8 WATERLOO,WATERLOO,Daily Keno,15-Apr-2023,10000.0
PETRO CANADA,900 PROGRESS AVE M1H-2Z9 SCARBOROUGH,SCARBOROUGH,Daily Keno,30-Apr-2023,10000.0
PETRO CANADA,901 SHEPPARD AVE W M3H-2T7 NORTH YORK,YORK,Encore - Pick 4,12-May-2023,10000.0
PETRO CANADA,9550 YONGE ST L4C-1V6 RICHMOND HILL,HILL,Lottario,29-Apr-2023,10000.0
PETRO CANADA,9981 CHINGUACOUSY RD L6X-0E8 BRAMPTON,BRAMPTON,Daily Keno,20-Jun-2023,10000.0
PETRO CANADA / BVD STORE,495 YORK RD L0S-1J0 NIAGARA ON THE,THE,Daily Keno,17-Aug-2023,10000.0
PETRO- CANADA,5 ACE DR L6R-3Y2 BRAMPTON,BRAMPTON,Encore - 649,15-Apr-2023,10000.0
PETRO-CANADA,235 STEELES AVE E L9T-1Y2 MILTON,MILTON,Encore - 649,27-May-2023,10000.0
PETRO-CANADA,235 STEELES AVE E L9T-1Y2 MILTON,MILTON,Lottario,25-Mar-2023,10000.0
PICK QUICK SMOKE & VARIETY,4451 KINGSTON RD M1E-2N7 SCARBOROUGH,SCARBOROUGH,Encore - Lotto Max,25-Jul-2023,10000.0
PIONEER ENERGY,286 CHATHAM ST N N0P-1A0 BLENHEIM,BLENHEIM,Lottario,15-Jul-2023,10000.0
PIONEER GAS BAR,6802 COUNTY RD 10 L9R-1V2 ALLISTON,ALLISTON,Lottario,24-Jun-2023,10000.0
PIONEER ON THE RUN,1769 DUNDAS ST N5W-3E6 LONDON,LONDON,Lottario,01-Jul-2023,10000.0
PIONEER SNACK EXPRESS,248 THE QUEENSWAY  S L4P-2B1 KESWICK,KESWICK,Encore - Lotto Max,14-Jul-2023,10000.0
PIONEER SNACK EXPRESS,8006 WELLINGTON 109 RD N0G-1A0 ARTHUR,ARTHUR,Encore - 649,11-Mar-2023,10000.0
PIONEER SNACK EXPRESS #221,3124 JEFFERSON BLVD N8T-3E8 WINDSOR,WINDSOR,Encore - 649,29-Mar-2023,10000.0
PIONEER SNOWBALL CORNERS GENERAL STORE,1494 WELLINGTON ST W L7B-1K5 KING CITY,CITY,Lottario,29-Apr-2023,10000.0
PIT STOP GAS BAR & CONFECTIONARY,3245 HIGHWAY 17  E P0S-1C0 ECHO BAY,BAY,Encore - Lottario,10-Jun-2023,10000.0
PLAZA 100 TUCK SHOP,100 WELLESLEY ST E M4Y-1H5 TORONTO,TORONTO,Encore - Pick 4,30-Mar-2023,10000.0
RABBA #189,85 VICTORIA ST M5C-0A6 TORONTO,TORONTO,Daily Keno,30-Apr-2023,10000.0
RABBA HURONTARIO,2090 HURONTARIO ST L5B-1M8 MISSISSAUGA,MISSISSAUGA,Encore - Ontario 49,26-Jul-2023,10000.0
RABBA QUEEN'S QUAY,252 QUEENS QUAY W M5J-1B5 TORONTO,TORONTO,Encore - Lotto Max,12-May-2023,10000.0
RALPH'S SERVICE CENTRE,236 MAIN ST N0G-1B0 ATWOOD,ATWOOD,Lottario,15-Apr-2023,10000.0
RAPID WAY,437 THOROLD RD L3C-3W4 WELLAND,WELLAND,Daily Keno,15-May-2023,10000.0
RCS #2803 - SUDBURY,1485 LASALLE BLVD P3A-5H7 SUDBURY,SUDBURY,Lottario,29-Jul-2023,10000.0
RCS #2811 - GEORGETOWN,171 GUELPH ST L7G-4A1 GEORGETOWN,GEORGETOWN,PLINKO,31-2280,10000.0
RCS #2823 - STRATHROY,626 VICTORIA ST N7G-3C1 STRATHROY,STRATHROY,Encore - Lotto Max,14-Jul-2023,10000.0
RCS #512 - WASAGA BEACH,25 45TH ST S L9Z-1A7 WASAGA BEACH,BEACH,Encore - Lotto Max,16-May-2023,10000.0
REOGATE CONVENIENCE,295 EGLINTON AVE E L4Z-3K6 MISSISSAUGA,MISSISSAUGA,Pick 4,23-Apr-2023,10000.0
REXALL #1362 LINCOLN FIELDS,2529 CARLING AVE K2B-7Z2 OTTAWA,OTTAWA,Lotto 649,22-Jul-2023,10000.0
REXALL #1504 - KING & ROSEHILL,438 KING ST W L1J-2K9 OSHAWA,OSHAWA,Encore - Ontario 49,10-Jun-2023,10000.0
REXALL #398 - MERIVALE & MEADOWLANDS,1595 MERIVALE RD K2G-3J4 NEPEAN,NEPEAN,Encore - Lotto Max,09-May-2023,10000.0
REXALL #6901 - WOODSTOCK,379 SPRINGBANK AVE N4T-1R3 WOODSTOCK,WOODSTOCK,Encore - 649,31-May-2023,10000.0
REXALL #6947 - ARNPRIOR,22 BASKIN DR E K7S-0E2 ARNPRIOR,ARNPRIOR,Encore - Lotto Max,30-May-2023,10000.0
ROCKWOOD LOTTO CENTRE,4141 DIXIE RD L4W-1V5 MISSISSAUGA,MISSISSAUGA,Daily Keno,29-May-2023,10000.0
ROME'S YIG,44 GREAT NORTHERN RD P6B-4Y5 SAULT STE. MARI,MARI,Encore - Pick 3,21-Jun-2023,10000.0
ROYAL YORK SMOKE SHOP,1500 ROYAL YORK RD M9P-3B6 ETOBICOKE,ETOBICOKE,Lottario,18-Mar-2023,10000.0
SAM'S FOOD STORE,620 VAUGHAN RD M6C-2R5 YORK,YORK,Pick 4,13-Apr-2023,10000.0
SAM'S MILK & VARIETY MART,462 BIRCHMOUNT RD M1K-1N8 SCARBOROUGH,SCARBOROUGH,Encore - 649,29-Apr-2023,10000.0
SDM #1173 - GEORGIAN MALL,509 BAYFIELD ST L4M-4Z8 BARRIE,BARRIE,Lottario,04-Mar-2023,10000.0
SDM #1285 - CARLETON PLACE,315 MCNEELY AVE K7C-0A1 CARLETON PLACE,PLACE,Encore - Lotto Max,31-Mar-2023,10000.0
SDM #1306 - ARNPRIOR,55 ELGIN ST W K7S-1N6 ARNPRIOR,ARNPRIOR,Lottario,20-May-2023,10000.0
SDM #1516 - FLEMINGTON PARK,747 DON MILLS RD M3C-1T2 NORTH YORK,YORK,Lottario,29-Jul-2023,10000.0
SDM #651 - BARRIE S.C.,165 WELLINGTON ST W L4N-1L7 BARRIE,BARRIE,Lottario,20-May-2023,10000.0
SDM #860 - SCARBOROUGH T.C.,300 BOROUGH DR M1P-4P5 SCARBOROUGH,SCARBOROUGH,Lotto 649,29-Jul-2023,10000.0
SDM #936 - PAPE & COSBURN,1012 PAPE AVE M4K-3V9 EAST YORK,YORK,Daily Keno,17-Jun-2023,10000.0
SDM #936 - PAPE & COSBURN,1012 PAPE AVE M4K-3V9 EAST YORK,YORK,Pick 4,06-Mar-2023,10000.0
SDM #995 - CHARLOTTE & ALYMER,250 CHARLOTTE ST K9J-2V1 PETERBOROUGH,PETERBOROUGH,Encore - Lotto Max,12-May-2023,10000.0
SEAR CONVENIENCE AND GROCERY,1350 DANFORTH RD M1J-1G3 SCARBOROUGH,SCARBOROUGH,Pick 4,14-Jun-2023,10000.0
SEVEN DAY CONVENIENCE,2480 GERRARD ST E M1N-4C3 SCARBOROUGH,SCARBOROUGH,Pick 4,30-Jul-2023,10000.0
SHELBURNE FOODLAND,824 OJIBWAY RD L9V-3X9 SHELBURNE,SHELBURNE,Encore - Lotto Max,14-Jul-2023,10000.0
SHELL,3330 KEELE ST M3J-1L5 NORTH YORK,YORK,Daily Keno,13-Jun-2023,10000.0
SHELL,4926 BATHURST ST M2R-1X5 NORTH YORK,YORK,Pick 4,13-Mar-2023,10000.0
SHELL GAS BAR,1974 AVENUE RD M5M-4A1 NORTH YORK,YORK,Lottario,08-Jul-2023,10000.0
SHELL SELECT,408 HWY 7  E L4B-1A7 RICHMOND HILL,HILL,Pick 4,11-Mar-2023,10000.0
SHELL SELECT,6731 KINGSTON RD M1B-1G9 SCARBOROUGH,SCARBOROUGH,Encore - 649,05-Apr-2023,10000.0
SHELL SHOP,1294 6 HWY N L8N-2Z7 HAMILTON,HAMILTON,Lotto 649,08-Jul-2023,10000.0
SHEPPARD PLAZA CARD VARIETY,636 SHEPPARD AVE W M3H-2S1 NORTH YORK,YORK,Pick 4,21-Jul-2023,10000.0
SHORTY'S VARIETY,443 DOVERCOURT RD M6H-2W3 TORONTO,TORONTO,Lotto 649,22-Jul-2023,10000.0
SILVERCITY FOOD MARKET,289 QUEEN MARY ST K1K-1X1 OTTAWA,OTTAWA,Encore - Lotto Max,21-Apr-2023,10000.0
SIMPLY GAS,136 EAST AVE P7A-8A4 THUNDER BAY,BAY,WHEEL OF FORTUNE LOTTO,09-Apr-2023,10000.0
SJ CONVENIENCE STORE,5 WINDWARD DR L3M-4E8 GRIMSBY,GRIMSBY,Lotto 649,22-Jul-2023,10000.0
SMITTY'S COUNTRY MARKET,343 TALBOT ST N5P-1B7 ST THOMAS,THOMAS,Lottario,01-Jul-2023,10000.0
SMOKE & VARIETY,5 HILLCROFT DR L3S-1R6 MARKHAM,MARKHAM,Encore - 649,15-Apr-2023,10000.0
SMOKE + VARIETY,1 HESPELER RD N1R-8L4 CAMBRIDGE,CAMBRIDGE,Encore - 649,08-Jul-2023,10000.0
SMOKERS CORNER,1355 KINGSTON RD L1V-1B8 PICKERING,PICKERING,Lotto 649,01-Jul-2023,10000.0
SOBEYS #4743 - BLOOR & ISLINGTON,3300 BLOOR ST W M8X-2X2 ETOBICOKE,ETOBICOKE,Encore - Lotto Max,16-May-2023,10000.0
SOBEYS #667 SOUTH AJAX,955 WESTNEY RD S L1S-3K7 AJAX,AJAX,Daily Keno,29-Jul-2023,10000.0
SOBEYS #694 - ANCASTER,977 GOLF LINKS DR L9K-1K1 ANCASTER,ANCASTER,Encore - 649,12-Aug-2023,10000.0
SP&G,82 PENINSULA ROAD P0T-2E0 MARATHON,MARATHON,Encore - 649,06-May-2023,10000.0
ST CLEMENTS FOOD TOWN,3650 LOBSINGER LINE N0B-2M0 ST CLEMENTS,CLEMENTS,Encore - Lotto Max,16-Jun-2023,10000.0
ST. JAMESTOWN GIFT & VARIETY,240 WELLESLEY ST E M4X-1G5 TORONTO,TORONTO,Daily Keno,03-Jun-2023,10000.0
STEVEN'S YOUR INDEPENDENT GROCER,270 WELLINGTON ST P1L-1B9 BRACEBRIDGE,BRACEBRIDGE,Encore - Daily Keno,15-Jul-2023,10000.0
STRATFORD VARIETY,542 DOWNIE ST N5A-1Y2 STRATFORD,STRATFORD,Daily Keno,19-Apr-2023,10000.0
SUE GAR VARIETY,5518 LAWRENCE AVE E M1C-3B2 SCARBOROUGH,SCARBOROUGH,Pick 4,16-May-2023,10000.0
SUPER CONVENIENCE,574A PLAINS RD E L7T-2E5 BURLINGTON,BURLINGTON,Daily Keno,03-Aug-2023,10000.0
SUPER DISCOUNT VARIETY,310 RUSTIC RD M6L-1W5 NORTH YORK,YORK,Daily Keno,07-Jul-2023,10000.0
T & K VARIETY,1385 WESTON RD M6M-4S1 YORK,YORK,Pick 4,30-Mar-2023,10000.0
T. DOT VARIETY STORE,4 MACDONELL AVE M6R-2A2 TORONTO,TORONTO,Encore - 649,15-Jul-2023,10000.0
TELLY'S VARIETY,775 COLBORNE ST N3S-3S3 BRANTFORD,BRANTFORD,Lotto 649,08-Jul-2023,10000.0
THE BARGAIN SHOP #53060,360 SCOTT ST P9A-1G9 FORT FRANCES,FRANCES,Encore - 649,22-Apr-2023,10000.0
THE CORNER STORE,475 WESTNEY RD N L1T-3H4 AJAX,AJAX,Pick 4,14-Jul-2023,10000.0
THE DAILY PLANET BOOKSTORE,1615 DUNDAS ST E L1N-2L1 WHITBY,WHITBY,Encore - Lotto Max,18-Jul-2023,10000.0
THE TICKET SHOP,45 OVERLEA BLVD M4H-1C3 TORONTO,TORONTO,Encore - Lotto Max,06-Jun-2023,10000.0
THE TICKET SHOP,6464 YONGE ST M2M-3X4 NORTH YORK,YORK,Pick 4,09-Jul-2023,10000.0
THE TICKET SHOP,6464 YONGE ST M2M-3X4 NORTH YORK,YORK,Pick 4,26-Apr-2023,10000.0
THE VILLAGE GENERAL STORE,743 FOURTH AVE L0K-1R0 PORT MCNICOLL,MCNICOLL,Pick 4,15-Mar-2023,10000.0
TOTTENHAM AM PM CONVENIENCE,2 QUEEN ST S L0G-1W0 TOTTENHAM,TOTTENHAM,Daily Keno,23-Jul-2023,10000.0
TOTTENHAM MILK AND  VARIETY,1 QUEEN ST S L0G-1W0 TOTTENHAM,TOTTENHAM,Encore - Lotto Max,28-Apr-2023,10000.0
TOWN & COUNTRY MARKET,4033 HURONTARIO ST L4Z-0B8 MISSISSAUGA,MISSISSAUGA,Pick 4,23-Apr-2023,10000.0
UNI MARKET + CONVENIENCE,573 MAPLE AVE L7S-2E8 BURLINGTON,BURLINGTON,POWER UP,31-2368,10000.0
VARIETY NORTHVIEW MART,10635 CREDITVIEW RD L7A-0T4 BRAMPTON,BRAMPTON,Encore - Pick 4,20-Jul-2023,10000.0
VB NEIGHBOURHOOD VARIETY,155 MORNINGSIDE AVE M1E-3C8 SCARBOROUGH,SCARBOROUGH,Daily Keno,30-Apr-2023,10000.0
VICKY'S CONVENIENCE,205 MARYCROFT AVE L4L-5X8 WOODBRIDGE,WOODBRIDGE,Daily Keno,08-Apr-2023,10000.0
VICTORIA CONVENIENCE,113 VICTORIA AVE K8N-2A7 BELLEVILLE,BELLEVILLE,Encore - 649,01-Jul-2023,10000.0
VINCE'S MARKET UXBRIDGE,234 TORONTO ST S L9P-0C4 UXBRIDGE,UXBRIDGE,Lottario,10-Jun-2023,10000.0
WARDEN CONVENIENCE,2537 WARDEN AVE M1W-2H5 SCARBOROUGH,SCARBOROUGH,Daily Keno,30-Jun-2023,10000.0
WEST END CONVENIENCE,499 DUNDAS ST W K8V-6C4 TRENTON,TRENTON,Daily Keno,27-Aug-2023,10000.0
WESTDALE LOTTERY SERVICES,1151 DUNDAS ST W L5C-1C6 MISSISSAUGA,MISSISSAUGA,Daily Keno,26-Mar-2023,10000.0
WESTNEY AT #2 FOOD MART,15 WESTNEY RD N L1T-1P5 AJAX,AJAX,Pick 4,28-Jul-2023,10000.0
WILSON MYSTOP CONVENIENCE,1900 WILSON AVE M9M-1A8 NORTH YORK,YORK,Lotto 649,22-Jul-2023,10000.0
WILSON MYSTOP CONVENIENCE,1900 WILSON AVE M9M-1A8 NORTH YORK,YORK,Pick 4,26-Mar-2023,10000.0
ZEHRS #528 - CONESTOGA,555 DAVENPORT RD N2L-6L2 WATERLOO,WATERLOO,CASH IN,31-2367,10000.0
ZEHRS #560 - LAURENTIAN P.C,750 OTTAWA ST S N2E-1B6 KITCHENER,KITCHENER,Encore - 649,18-Mar-2023,10000.0
ZEHRS #565 - BIG BAY POINT,620 YONGE ST L4N-4E6 BARRIE,BARRIE,Encore - 649,12-Jul-2023,10000.0
